ProductCode,Sk__c,Name,Model__c,Name_EN__c,Sales_price__c,Sales_currency__c,Purchase_price__c,Purchase_currency__c,IsActive,Description,Import_ID__c,Salesforce_ID
X17.17,400,BATMFour BT4_I1200_O0,BATMFour,BT4_I1200_O0,7899,USD,,,True,BATMFour BT4_I1200_O0,PROD-001,01tJ9000001BhI7IAK
X17.21,400,BATMFour BT4_I1200_O0_NFC,BATMFour,BT4_I1200_O0_NFC,8299,USD,,,True,BATMFour BT4_I1200_O0_NFC,PROD-002,01tJ9000001BhIoIAK
X17.18,400,BATMFour BT4_I1200_O1000,BATMFour,BT4_I1200_O1000,9299,USD,,,True,BATMFour BT4_I1200_O1000,PROD-003,01tJ9000001BhItIAK
X17.22,400,BATMFour BT4_I1200_O1000_NFC,BATMFour,BT4_I1200_O1000_NFC,9899,USD,,,True,BATMFour BT4_I1200_O1000_NFC,PROD-004,01tJ9000001Bh9nIAC
X17.19,400,BATMFour BT4_I1200_O1500,BATMFour,BT4_I1200_O1500,9999,USD,,,True,BATMFour BT4_I1200_O1500,PROD-005,01tJ9000001BgOfIAK
X17.23,400,BATMFour BT4_I1200_O1500_NFC,BATMFour,BT4_I1200_O1500_NFC,10499,USD,,,True,BATMFour BT4_I1200_O1500_NFC,PROD-006,01tJ9000001BhDbIAK
X17.20,400,BATMFour BT4_I1200_O2000,BATMFour,BT4_I1200_O2000,10799,USD,,,True,BATMFour BT4_I1200_O2000,PROD-007,01tJ9000001BgoxIAC
X17.24,400,BATMFour BT4_I1200_O2000_NFC,BATMFour,BT4_I1200_O2000_NFC,12499,USD,,,True,BATMFour BT4_I1200_O2000_NFC,PROD-008,01tJ9000001Bh7BIAS
X17.26,400,BATMFour BT4_I1200R_O1000,BATMFour,BT4_I1200R_O1000,10999,USD,,,True,BATMFour BT4_I1200R_O1000,PROD-009,01tJ9000001Bh0AIAS
X17.30,400,BATMFour BT4_I1200R_O1000_NFC,BATMFour,BT4_I1200R_O1000_NFC,11399,USD,,,True,BATMFour BT4_I1200R_O1000_NFC,PROD-010,01tJ9000001BhIyIAK
X17.25,400,BATMFour BT4_I1200R_O120,BATMFour,BT4_I1200R_O120,9099,USD,,,True,BATMFour BT4_I1200R_O120,PROD-011,01tJ9000001Bgq0IAC
X17.29,400,BATMFour BT4_I1200R_O120_NFC,BATMFour,BT4_I1200R_O120_NFC,9499,USD,,,True,BATMFour BT4_I1200R_O120_NFC,PROD-012,01tJ9000001BhEoIAK
X17.27,400,BATMFour BT4_I1200R_O1500,BATMFour,BT4_I1200R_O1500,11599,USD,,,True,BATMFour BT4_I1200R_O1500,PROD-013,01tJ9000001BhJ3IAK
X17.31,400,BATMFour BT4_I1200R_O1500_NFC,BATMFour,BT4_I1200R_O1500_NFC,11999,USD,,,True,BATMFour BT4_I1200R_O1500_NFC,PROD-014,01tJ9000001Bh7VIAS
X17.28,400,BATMFour BT4_I1200R_O2000,BATMFour,BT4_I1200R_O2000,12199,USD,,,True,BATMFour BT4_I1200R_O2000,PROD-015,01tJ9000001BhJ8IAK
X17.32,400,BATMFour BT4_I1200R_O2000_NFC,BATMFour,BT4_I1200R_O2000_NFC,12599,USD,,,True,BATMFour BT4_I1200R_O2000_NFC,PROD-016,01tJ9000001BgoTIAS
X17.01,400,BATMFour BT4_I600_O0,BATMFour,BT4_I600_O0,7399,USD,,,True,BATMFour BT4_I600_O0,PROD-017,01tJ9000001BgaHIAS
X17.05,400,BATMFour BT4_I600_O0_NFC,BATMFour,BT4_I600_O0_NFC,7799,USD,,,True,BATMFour BT4_I600_O0_NFC,PROD-018,01tJ9000001Bh8uIAC
X17.02,400,BATMFour BT4_I600_O1000,BATMFour,BT4_I600_O1000,8999,USD,,,True,BATMFour BT4_I600_O1000,PROD-019,01tJ9000001BhDWIA0
X17.06,400,BATMFour BT4_I600_O1000_NFC,BATMFour,BT4_I600_O1000_NFC,9499,USD,,,True,BATMFour BT4_I600_O1000_NFC,PROD-020,01tJ9000001BgnGIAS
X17.03,400,BATMFour BT4_I600_O1500,BATMFour,BT4_I600_O1500,9799,USD,,,True,BATMFour BT4_I600_O1500,PROD-021,01tJ9000001Bh7nIAC
X17.07,400,BATMFour BT4_I600_O1500_NFC,BATMFour,BT4_I600_O1500_NFC,10299,USD,,,True,BATMFour BT4_I600_O1500_NFC,PROD-022,01tJ9000001BhJDIA0
X17.04,400,BATMFour BT4_I600_O2000,BATMFour,BT4_I600_O2000,10499,USD,,,True,BATMFour BT4_I600_O2000,PROD-023,01tJ9000001BgFvIAK
X17.08,400,BATMFour BT4_I600_O2000_NFC,BATMFour,BT4_I600_O2000_NFC,10999,USD,,,True,BATMFour BT4_I600_O2000_NFC,PROD-024,01tJ9000001BhAcIAK
X17.10,400,BATMFour BT4_I600R_O1000,BATMFour,BT4_I600R_O1000,10699,USD,,,True,BATMFour BT4_I600R_O1000,PROD-025,01tJ9000001BhCxIAK
X17.14,400,BATMFour BT4_I600R_O1000_NFC,BATMFour,BT4_I600R_O1000_NFC,11199,USD,,,True,BATMFour BT4_I600R_O1000_NFC,PROD-026,01tJ9000001BhJIIA0
X17.09,400,BATMFour BT4_I600R_O120,BATMFour,BT4_I600R_O120,8899,USD,,,True,BATMFour BT4_I600R_O120,PROD-027,01tJ9000001BhIuIAK
X17.13,400,BATMFour BT4_I600R_O120_NFC,BATMFour,BT4_I600R_O120_NFC,9299,USD,,,True,BATMFour BT4_I600R_O120_NFC,PROD-028,01tJ9000001BhJNIA0
X17.11,400,BATMFour BT4_I600R_O1500,BATMFour,BT4_I600R_O1500,11299,USD,,,True,BATMFour BT4_I600R_O1500,PROD-029,01tJ9000001Bh1hIAC
X17.15,400,BATMFour BT4_I600R_O1500_NFC,BATMFour,BT4_I600R_O1500_NFC,11799,USD,,,True,BATMFour BT4_I600R_O1500_NFC,PROD-030,01tJ9000001BhAwIAK
X17.12,400,BATMFour BT4_I600R_O2000,BATMFour,BT4_I600R_O2000,12099,USD,,,True,BATMFour BT4_I600R_O2000,PROD-031,01tJ9000001BgwcIAC
X17.16,400,BATMFour BT4_I600R_O2000_NFC,BATMFour,BT4_I600R_O2000_NFC,12499,USD,,,True,BATMFour BT4_I600R_O2000_NFC,PROD-032,01tJ9000001Bh9GIAS
X6.041,400,BATMThree BT3_SAFE_I1200_O0,BATMThree,BT3_SAFE_I1200_O0,8499,USD,,,True,BATMThree BT3_SAFE_I1200_O0,PROD-033,01tJ9000001BgsuIAC
X6.047,400,BATMThree BT3_SAFE_I1200_O0_NFC,BATMThree,BT3_SAFE_I1200_O0_NFC,8799,USD,,,True,BATMThree BT3_SAFE_I1200_O0_NFC,PROD-034,01tJ9000001Bh3RIAS
X6.042,400,BATMThree BT3_SAFE_I1200_O1000,BATMThree,BT3_SAFE_I1200_O1000,9899,USD,,,True,BATMThree BT3_SAFE_I1200_O1000,PROD-035,01tJ9000001BgT6IAK
X6.048,400,BATMThree BT3_SAFE_I1200_O1000_NFC,BATMThree,BT3_SAFE_I1200_O1000_NFC,10199,USD,,,True,BATMThree BT3_SAFE_I1200_O1000_NFC,PROD-036,01tJ9000001Bh63IAC
X6.043,400,BATMThree BT3_SAFE_I1200_O1500,BATMThree,BT3_SAFE_I1200_O1500,10299,USD,,,True,BATMThree BT3_SAFE_I1200_O1500,PROD-037,01tJ9000001BhJSIA0
X6.049,400,BATMThree BT3_SAFE_I1200_O1500_NFC,BATMThree,BT3_SAFE_1200_O1500_NFC,10599,USD,,,True,BATMThree BT3_SAFE_I1200_O1500_NFC,PROD-038,01tJ9000001BhDlIAK
X6.044,400,BATMThree BT3_SAFE_I1200_O2000,BATMThree,BT3_SAFE_I1200_O2000,10799,USD,,,True,BATMThree BT3_SAFE_I1200_O2000,PROD-039,01tJ9000001BhCcIAK
X6.050,400,BATMThree BT3_SAFE_I1200_O2000_NFC,BATMThree,BT3_SAFE_I1200_O2000_NFC,11099,USD,,,True,BATMThree BT3_SAFE_I1200_O2000_NFC,PROD-040,01tJ9000001Bh1yIAC
X6.045,400,BATMThree BT3_SAFE_I1200_O2500,BATMThree,BT3_SAFE_I1200_O2500,11199,USD,,,True,BATMThree BT3_SAFE_I1200_O2500,PROD-041,01tJ9000001BgnyIAC
x6.051,400,BATMThree BT3_SAFE_I1200_O2500_NFC,BATMThree,BT3_SAFE_I1200_O2500_NFC,11499,USD,,,True,BATMThree BT3_SAFE_I1200_O2500_NFC,PROD-042,01tJ9000001BhJXIA0
X6.046,400,BATMThree BT3_SAFE_I1200_O3000,BATMThree,BT3_SAFE_I1200_O3000,11699,USD,,,True,BATMThree BT3_SAFE_I1200_O3000,PROD-043,01tJ9000001BhJcIAK
X6.052,400,BATMThree BT3_SAFE_I1200_O3000_NFC,BATMThree,BT3_SAFE_I1200_O3000_NFC,11999,USD,,,True,BATMThree BT3_SAFE_I1200_O3000_NFC,PROD-044,01tJ9000001BhHNIA0
X6.054,400,BATMThree BT3_SAFE_I1200R_O1000,BATMThree,BT3_SAFE_I1200R_O1000,10599,USD,,,True,BATMThree BT3_SAFE_I1200R_O1000,PROD-045,01tJ9000001BhJhIAK
X6.060,400,BATMThree BT3_SAFE_I1200R_O1000_NFC,BATMThree,BT3_SAFE_I1200R_O1000_NFC,10899,USD,,,True,BATMThree BT3_SAFE_I1200R_O1000_NFC,PROD-046,01tJ9000001BhJmIAK
X6.053,400,BATMThree BT3_SAFE_I1200R_O120,BATMThree,BT3_SAFE_I1200R_O120,9299,USD,,,True,BATMThree BT3_SAFE_I1200R_O120,PROD-047,01tJ9000001Bh7oIAC
X6.059,400,BATMThree BT3_SAFE_I1200R_O120_NFC,BATMThree,BT3_SAFE_I1200R_O120_NFC,9599,USD,,,True,BATMThree BT3_SAFE_I1200R_O120_NFC,PROD-048,01tJ9000001BgudIAC
X6.055,400,BATMThree BT3_SAFE_I1200R_O1500,BATMThree,BT3_SAFE_I1200R_O1500,11099,USD,,,True,BATMThree BT3_SAFE_I1200R_O1500,PROD-049,01tJ9000001Bh8SIAS
X6.061,400,BATMThree BT3_SAFE_I1200R_O1500_NFC,BATMThree,BT3_SAFE_I1200R_O1500_NFC,11399,USD,,,True,BATMThree BT3_SAFE_I1200R_O1500_NFC,PROD-050,01tJ9000001Bgw2IAC
X6.056,400,BATMThree BT3_SAFE_I1200R_O2000,BATMThree,BT3_SAFE_I1200R_O2000,11599,USD,,,True,BATMThree BT3_SAFE_I1200R_O2000,PROD-051,01tJ9000001BhBQIA0
X6.062,400,BATMThree BT3_SAFE_I1200R_O2000_NFC,BATMThree,BT3_SAFE_I1200R_O2000_NFC,11899,USD,,,True,BATMThree BT3_SAFE_I1200R_O2000_NFC,PROD-052,01tJ9000001BgC3IAK
X6.057,400,BATMThree BT3_SAFE_I1200R_O2500,BATMThree,BT3_SAFE_I1200R_O2500,11999,USD,,,True,BATMThree BT3_SAFE_I1200R_O2500,PROD-053,01tJ9000001BhFtIAK
X6.063,400,BATMThree BT3_SAFE_I1200R_O2500_NFC,BATMThree,BT3_SAFE_I1200R_O2500_NFC,12299,USD,,,True,BATMThree BT3_SAFE_I1200R_O2500_NFC,PROD-054,01tJ9000001BhJrIAK
X6.058,400,BATMThree BT3_SAFE_I1200R_O3000,BATMThree,BT3_SAFE_I1200R_O3000,12499,USD,,,True,BATMThree BT3_SAFE_I1200R_O3000,PROD-055,01tJ9000001BhCNIA0
X6.064,400,BATMThree BT3_SAFE_I1200R_O3000_NFC,BATMThree,BT3_SAFE_I1200R_O3000_NFC,12799,USD,,,True,BATMThree BT3_SAFE_I1200R_O3000_NFC,PROD-056,01tJ9000001BgIWIA0
X6.065,400,BATMThree BT3_SAFE_I2200_O0,BATMThree,BT3_SAFE_I2200_O0,8799,USD,,,True,BATMThree BT3_SAFE_I2200_O0,PROD-057,01tJ9000001BhJwIAK
X6.071,400,BATMThree BT3_SAFE_I2200_O0_NFC,BATMThree,BT3_SAFE_I2200_O0_NFC,9099,USD,,,True,BATMThree BT3_SAFE_I2200_O0_NFC,PROD-058,01tJ9000001BhIpIAK
X6.066,400,BATMThree BT3_SAFE_I2200_O1000,BATMThree,BT3_SAFE_I2200_O1000,10099,USD,,,True,BATMThree BT3_SAFE_I2200_O1000,PROD-059,01tJ9000001BgtkIAC
X6.072,400,BATMThree BT3_SAFE_I2200_O1000_NFC,BATMThree,BT3_SAFE_I2200_O1000_NFC,10399,USD,,,True,BATMThree BT3_SAFE_I2200_O1000_NFC,PROD-060,01tJ9000001BhIvIAK
X6.067,400,BATMThree BT3_SAFE_I2200_O1500,BATMThree,BT3_SAFE_I2200_O1500,10599,USD,,,True,BATMThree BT3_SAFE_I2200_O1500,PROD-061,01tJ9000001BhJOIA0
X6.073,400,BATMThree BT3_SAFE_I2200_O1500_NFC,BATMThree,BT3_SAFE_I2200_O1500_NFC,10899,USD,,,True,BATMThree BT3_SAFE_I2200_O1500_NFC,PROD-062,01tJ9000001BhG5IAK
X6.068,400,BATMThree BT3_SAFE_I2200_O2000,BATMThree,BT3_SAFE_I2200_O2000,11099,USD,,,True,BATMThree BT3_SAFE_I2200_O2000,PROD-063,01tJ9000001BhGBIA0
X6.074,400,BATMThree BT3_SAFE_I2200_O2000_NFC,BATMThree,BT3_SAFE_I2200_O2000_NFC,11399,USD,,,True,BATMThree BT3_SAFE_I2200_O2000_NFC,PROD-064,01tJ9000001BhK1IAK
X6.069,400,BATMThree BT3_SAFE_I2200_O2500,BATMThree,BT3_SAFE_I2200_O2500,11499,USD,,,True,BATMThree BT3_SAFE_I2200_O2500,PROD-065,01tJ9000001BgdQIAS
X6.075,400,BATMThree BT3_SAFE_I2200_O2500_NFC,BATMThree,BT3_SAFE_I2200_O2500_NFC,11799,USD,,,True,BATMThree BT3_SAFE_I2200_O2500_NFC,PROD-066,01tJ9000001BhK6IAK
X6.070,400,BATMThree BT3_SAFE_I2200_O3000,BATMThree,BT3_SAFE_I2200_O3000,11999,USD,,,True,BATMThree BT3_SAFE_I2200_O3000,PROD-067,01tJ9000001BgvhIAC
X6.076,400,BATMThree BT3_SAFE_I2200_O3000_NFC,BATMThree,BT3_SAFE_I2200_O3000_NFC,12299,USD,,,True,BATMThree BT3_SAFE_I2200_O3000_NFC,PROD-068,01tJ9000001Bh4jIAC
X6.017,400,BATMThree BT3_SAFE_I600_O0,BATMThree,BT3_SAFE_I600_O0,8199,USD,,,True,BATMThree BT3_SAFE_I600_O0,PROD-069,01tJ9000001BhJTIA0
X6.023,400,BATMThree BT3_SAFE_I600_O0_NFC,BATMThree,BT3_SAFE_I600_O0_NFC,8499,USD,,,True,BATMThree BT3_SAFE_I600_O0_NFC,PROD-070,01tJ9000001BhBIIA0
X6.018,400,BATMThree BT3_SAFE_I600_O1000,BATMThree,BT3_SAFE_I600_O1000,9499,USD,,,True,BATMThree BT3_SAFE_I600_O1000,PROD-071,01tJ9000001BhBeIAK
X6.024,400,BATMThree BT3_SAFE_I600_O1000_NFC,BATMThree,BT3_SAFE_I600_O1000_NFC,9799,USD,,,True,BATMThree BT3_SAFE_I600_O1000_NFC,PROD-072,01tJ9000001Bh6LIAS
X6.019,400,BATMThree BT3_SAFE_I600_O1500,BATMThree,BT3_SAFE_I600_O1500,9999,USD,,,True,BATMThree BT3_SAFE_I600_O1500,PROD-073,01tJ9000001BhKBIA0
X6.025,400,BATMThree BT3_SAFE_I600_O1500_NFC,BATMThree,BT3_SAFE_I600_O1500_NFC,10299,USD,,,True,BATMThree BT3_SAFE_I600_O1500_NFC,PROD-074,01tJ9000001Bh2JIAS
X6.020,400,BATMThree BT3_SAFE_I600_O2000,BATMThree,BT3_SAFE_I600_O2000,10499,USD,,,True,BATMThree BT3_SAFE_I600_O2000,PROD-075,01tJ9000001Bh2BIAS
X6.026,400,BATMThree BT3_SAFE_I600_O2000_NFC,BATMThree,BT3_SAFE_I600_O2000_NFC,10799,USD,,,True,BATMThree BT3_SAFE_I600_O2000_NFC,PROD-076,01tJ9000001BhH3IAK
X6.021,400,BATMThree BT3_SAFE_I600_O2500,BATMThree,BT3_SAFE_I600_O2500,10899,USD,,,True,BATMThree BT3_SAFE_I600_O2500,PROD-077,01tJ9000001BgxsIAC
X6.027,400,BATMThree BT3_SAFE_I600_O2500_NFC,BATMThree,BT3_SAFE_I600_O2500_NFC,11199,USD,,,True,BATMThree BT3_SAFE_I600_O2500_NFC,PROD-078,01tJ9000001BhKGIA0
X6.022,400,BATMThree BT3_SAFE_I600_O3000,BATMThree,BT3_SAFE_I600_O3000,11399,USD,,,True,BATMThree BT3_SAFE_I600_O3000,PROD-079,01tJ9000001BhKLIA0
X6.028,400,BATMThree BT3_SAFE_I600_O3000_NFC,BATMThree,BT3_SAFE_I600_O3000_NFC,11699,USD,,,True,BATMThree BT3_SAFE_I600_O3000_NFC,PROD-080,01tJ9000001Bh9ZIAS
X6.030,400,BATMThree BT3_SAFE_I600R_O1000,BATMThree,BT3_SAFE_I600R_O1000,10499,USD,,,True,BATMThree BT3_SAFE_I600R_O1000,PROD-081,01tJ9000001BhKQIA0
X6.036,400,BATMThree BT3_SAFE_I600R_O1000_NFC,BATMThree,BT3_SAFE_I600R_O1000_NFC,10799,USD,,,True,BATMThree BT3_SAFE_I600R_O1000_NFC,PROD-082,01tJ9000001BhJEIA0
X6.029,400,BATMThree BT3_SAFE_I600R_O120,BATMThree,BT3_SAFE_I600R_O120,9199,USD,,,True,BATMThree BT3_SAFE_I600R_O120,PROD-083,01tJ9000001BgueIAC
X6.035,400,BATMThree BT3_SAFE_I600R_O120_NFC,BATMThree,BT3_SAFE_I600R_O120_NFC,9499,USD,,,True,BATMThree BT3_SAFE_I600R_O120_NFC,PROD-084,01tJ9000001BhHDIA0
X6.031,400,BATMThree BT3_SAFE_I600R_O1500,BATMThree,BT3_SAFE_I600R_O1500,10999,USD,,,True,BATMThree BT3_SAFE_I600R_O1500,PROD-085,01tJ9000001BgN2IAK
X6.037,400,BATMThree BT3_SAFE_I600R_O1500_NFC,BATMThree,BT3_SAFE_I600R_O1500_NFC,11299,USD,,,True,BATMThree BT3_SAFE_I600R_O1500_NFC,PROD-086,01tJ9000001BgfHIAS
X6.032,400,BATMThree BT3_SAFE_I600R_O2000,BATMThree,BT3_SAFE_I600R_O2000,11399,USD,,,True,BATMThree BT3_SAFE_I600R_O2000,PROD-087,01tJ9000001BhGZIA0
X6.038,400,BATMThree BT3_SAFE_I600R_O2000_NFC,BATMThree,BT3_SAFE_I600R_O2000_NFC,11699,USD,,,True,BATMThree BT3_SAFE_I600R_O2000_NFC,PROD-088,01tJ9000001BgC4IAK
X6.033,400,BATMThree BT3_SAFE_I600R_O2500,BATMThree,BT3_SAFE_I600R_O2500,11899,USD,,,True,BATMThree BT3_SAFE_I600R_O2500,PROD-089,01tJ9000001BgnQIAS
X6.039,400,BATMThree BT3_SAFE_I600R_O2500_NFC,BATMThree,BT3_SAFE_I600R_O2500_NFC,12199,USD,,,True,BATMThree BT3_SAFE_I600R_O2500_NFC,PROD-090,01tJ9000001BgwFIAS
X6.034,400,BATMThree BT3_SAFE_I600R_O3000,BATMThree,BT3_SAFE_I600R_O3000,12299,USD,,,True,BATMThree BT3_SAFE_I600R_O3000,PROD-091,01tJ9000001BhAnIAK
X6.040,400,BATMThree BT3_SAFE_I600R_O3000_NFC,BATMThree,BT3_SAFE_I600R_O3000_NFC,12599,USD,,,True,BATMThree BT3_SAFE_I600R_O3000_NFC,PROD-092,01tJ9000001BhKVIA0
X6.009,400,BATMThree BT3_STD_I1200_O0,BATMThree,BT3_STD_I1200_O0,7299,USD,,,True,BATMThree BT3_STD_I1200_O0,PROD-093,01tJ9000001BhIwIAK
X6.011,400,BATMThree BT3_STD_I1200_O0_NFC,BATMThree,BT3_STD_I1200_O120_NFC,7599,USD,,,True,BATMThree BT3_STD_I1200_O0_NFC,PROD-094,01tJ9000001BhKaIAK
X6.010,400,BATMThree BT3_STD_I1200_O1000,BATMThree,BT3_STD_I1200_O1000,8599,USD,,,True,BATMThree BT3_STD_I1200_O1000,PROD-095,01tJ9000001BgSNIA0
X6.012,400,BATMThree BT3_STD_I1200_O1000_NFC,BATMThree,BT3_STD_I1200_O1000_NFC,8899,USD,,,True,BATMThree BT3_STD_I1200_O1000_NFC,PROD-096,01tJ9000001BgsXIAS
X6.014,400,BATMThree BT3_STD_I1200R_O1000,BATMThree,BT3_STD_I1200R_O1000,9499,USD,,,True,BATMThree BT3_STD_I1200R_O1000,PROD-097,01tJ9000001BhDcIAK
X6.016,400,BATMThree BT3_STD_I1200R_O1000_NFC,BATMThree,BT3_STD_I1200R_O1000_NFC,9799,USD,,,True,BATMThree BT3_STD_I1200R_O1000_NFC,PROD-098,01tJ9000001Bh71IAC
X6.013,400,BATMThree BT3_STD_I1200R_O120,BATMThree,BT3_STD_I1200R_O120,8099,USD,,,True,BATMThree BT3_STD_I1200R_O120,PROD-099,01tJ9000001Bh3IIAS
X6.015,400,BATMThree BT3_STD_I1200R_O120_NFC,BATMThree,BT3_STD_I1200R_O120_NFC,8399,USD,,,True,BATMThree BT3_STD_I1200R_O120_NFC,PROD-100,01tJ9000001Bg2dIAC
X6.001,400,BATMThree BT3_STD_I600_O0,BATMThree,BT3_STD_I600_O0,6899,USD,,,True,BATMThree BT3_STD_I600_O0,PROD-101,01tJ9000001BgszIAC
X6.003,400,BATMThree BT3_STD_I600_O0_NFC,BATMThree,BT3_STD_I600_O0_NFC,7199,USD,,,True,BATMThree BT3_STD_I600_O0_NFC,PROD-102,01tJ9000001BgNWIA0
,400,BATMThree BT3_STD_I600R_O0_NFC,BATMThree,BT3_STD_I600R_O0_NFC,,,,,False,"BT3_STD_I600R_O0_NFC, v Helios neexistuje",PROD-103,01tJ9000001BgviIAC
X6.002,400,BATMThree BT3_STD_I600_O1000,BATMThree,BT3_STD_I600_O1000,8299,USD,,,True,BATMThree BT3_STD_I600_O1000,PROD-104,01tJ9000001Bgz6IAC
X6.004,400,BATMThree BT3_STD_I600_O1000_NFC,BATMThree,BT3_STD_I600_O1000_NFC,8599,USD,,,True,BATMThree BT3_STD_I600_O1000_NFC,PROD-105,01tJ9000001BhKfIAK
X6.006,400,BATMThree BT3_STD_I600R_O1000,BATMThree,BT3_STD_I600R_O1000,9299,USD,,,True,BATMThree BT3_STD_I600R_O1000,PROD-106,01tJ9000001BhKkIAK
X6.008,400,BATMThree BT3_STD_I600R_O1000_NFC,BATMThree,BT3_STD_I600R_O1000_NFC,9599,USD,,,True,BATMThree BT3_STD_I600R_O1000_NFC,PROD-107,01tJ9000001Bgs1IAC
X6.005,400,BATMThree BT3_STD_I600R_O120,BATMThree,BT3_STD_I600R_O120,7999,USD,,,True,BATMThree BT3_STD_I600R_O120,PROD-108,01tJ9000001BggKIAS
X6.007,400,BATMThree BT3_STD_I600R_O120_NFC,BATMThree,BT3_STD_I600R_O120_NFC,8299,USD,,,True,BATMThree BT3_STD_I600R_O120_NFC,PROD-109,01tJ9000001BhGoIAK
X6.XXL,400,BATMThreeXXL vyrobeny v Apolu,BATMThree,BATMThreeXXL ,9499,USD,,,False,BATMThreeXXL ,PROD-110,01tJ9000001BgOsIAK
X6.3XL,400,BATMThreeXXXL vyrobeny v Apolu,BATMThree,BATMThreeXXXL ,,USD,,,False,BATMThreeXXXL ,PROD-111,01tJ9000001BgcXIAS
X9.4,400,BATMTwo Pro Stand - BEZ akceptoru,Stand,Pro Stand for BATMTwo without bill acceptor,599,USD,,,True,BATMTwo Pro Stand - BEZ akceptoru,PROD-112,01tJ9000001Bh8GIAS
X9.6,400,BATMTwo Pro Stand - s akceptorem 1200,Stand,Pro Stand 1200 banknotes,2899,USD,,,True,BATMTwo Pro Stand - s akceptorem 1200,PROD-113,01tJ9000001Bh1DIAS
X9.5,400,BATMTwo Pro Stand - s akceptorem 600,Stand,Pro Stand for BATMTwo with acceptor capacity 600 banknotes,2299,USD,,,True,BATMTwo Pro Stand - s akceptorem 600,PROD-114,01tJ9000001BhCdIAK
X9.7,400,BATMTwo Pro Stand - s BNR,Stand,Pro Stand for BATMTwo with BNR acceptor,,,,,True,BATMTwo Pro Stand - s BNR,PROD-115,01tJ9000001BhKpIAK
X9.7.1,400,BATMTwo Pro Stand - s BNR COINFLIP,Stand,Pro Stand for BATMTwo with BNR acceptor,,,,,True,BATMTwo Pro Stand - s BNR COINFLIP,PROD-116,01tJ9000001Bh4xIAC
X9.4.1,400,BATMTwo Pro Stand COINFLIP - BEZ akceptoru,Stand,Pro Stand for BATMTwo without bill acceptor,,,,,True,BATMTwo Pro Stand COINFLIP - BEZ akceptoru,PROD-117,01tJ9000001BgqnIAC
X9.6.1,400,BATMTwo Pro Stand COINFLIP - s akceptorem 1200,Stand,"Pro Stand for BATMTwo with acceptor, 1200 banknotes",2799,USD,,,True,BATMTwo Pro Stand COINFLIP - s akceptorem 1200,PROD-118,01tJ9000001BhKuIAK
X9.6.3,400,BATMTwo Pro Stand COINMOVER - s akceptorem 1200,Stand,"Pro Stand for BATMTwo with acceptor, 1200 banknotes",,,,,True,BATMTwo Pro Stand COINMOVER - s akceptorem 1200,PROD-119,01tJ9000001BgnzIAC
X9.4.2,400,BATMTwo Pro Stand LOCALCOIN - bez akceptoru,Stand,Pro Stand for Local coin without acceptor,1899,USD,,,True,cena zvýšena vroce 2025 ze 1499 po prehodnoceni prodeju stojanu s akceptorem vs bez,PROD-120,01tJ9000001BfzzIAC
X9.7.2,400,BATMTwo Pro Stand LOCALCOIN - s akceptorem 1200,Stand,Pro Stand for BATMTwo 1200,2799,USD,,,True,BATMTwo Pro Stand LOCALCOIN - s akceptorem 1200,PROD-121,01tJ9000001BgxAIAS
X9.5.1,400,BATMTwo Pro Stand LOCALCOIN - s akceptorem 600,Stand,"Pro Stand for BATMTwo with acceptor, 600 banknotes",,,,,True,BATMTwo Pro Stand LOCALCOIN - s akceptorem 600,PROD-122,01tJ9000001BhKzIAK
X9,400,BATMTwo Stand,Stand,Stand for BATMTwo,499,USD,,,True,BATMTwo Stand,PROD-123,01tJ9000001BhL4IAK
X9.2,400,BATMTwo Stand - s tiskarnou,Stand,Stand with Printer for BATMTwo,799,USD,,,True,BATMTwo Stand - s tiskarnou,PROD-124,01tJ9000001Bgs9IAC
X21.12,400,BATMTwo Ultra BT6_I0B_O0 - Coinflip/Local Coin,BATMTwoUltra,BATMTwo Ultra BT6_I0B_O0 - w/o BNR,,,,,True,BATMTwo Ultra BT6_I0B_O0 - Coinflip/Local Coin,PROD-125,01tJ9000001Bh8vIAC
X21.06,400,BATMTwo Ultra BT6_I1200,BATMTwoUltra,BATMTwo Ultra P (1200),5899,USD,,,True,BATMTwo Ultra BT6_I1200,PROD-126,01tJ9000001BguWIAS
X21.07,400,BATMTwo Ultra BT6_I1200_RS,BATMTwoUltra,BATMTwo Ultra R (1200),6199,USD,,,True,BATMTwo Ultra BT6_I1200_RS,PROD-127,01tJ9000001BgRUIA0
X21.10,400,BATMTwo Ultra BT6_I1200R_O120,BATMTwoUltra,BATMTwo Ultra P (R1200),7749,USD,,,True,BATMTwo Ultra BT6_I1200R_O120,PROD-128,01tJ9000001BhL9IAK
X21.11,400,BATMTwo Ultra BT6_I1200R_O120_RS,BATMTwoUltra,BATMTwo Ultra R (1200),8099,USD,,,True,BATMTwo Ultra BT6_I1200R_O120_RS,PROD-129,01tJ9000001BhDvIAK
X21,400,BATMTwo Ultra BT6_I1400B_O180,BATMTwoUltra,BATMTwo Ultra P BNR,12399,USD,,,True,BATMTwo Ultra BT6_I1400B_O180,PROD-130,01tJ9000001BhJiIAK
X21.01,400,BATMTwo Ultra BT6_I1400B_O180_RS,BATMTwoUltra,BATMTwo Ultra R BNR,12699,USD,,,True,BATMTwo Ultra BT6_I1400B_O180_RS,PROD-131,01tJ9000001BhIkIAK
X21.04,400,BATMTwo Ultra BT6_I600,BATMTwoUltra,BATMTwo Ultra P SCN (acceptor 600),5299,USD,,,True,BATMTwo Ultra BT6_I600,PROD-132,01tJ9000001Bh5CIAS
X21.05,400,BATMTwo Ultra BT6_I600_RS,BATMTwoUltra,BATMTwo Ultra R (600),5599,USD,,,True,BATMTwo Ultra BT6_I600_RS,PROD-133,01tJ9000001BgxLIAS
X21.08,400,BATMTwo Ultra BT6_I600R_O120,BATMTwoUltra,BATMTwo Ultra P (R 600),7499,USD,,,True,BATMTwo Ultra BT6_I600R_O120,PROD-134,01tJ9000001BgvyIAC
X21.09,400,BATMTwo Ultra BT6_I600R_O120_RS,BATMTwoUltra,BATMTwo Ultra R (R600),7799,USD,,,True,BATMTwo Ultra BT6_I600R_O120_RS,PROD-135,01tJ9000001BhKRIA0
X19.C,400,BATMTwoC MAX,BATMTwo,BATMTwo Classic MAX,3649,USD,,,True,BATMTwoC MAX,PROD-136,01tJ9000001Bh7uIAC
X19.L,400,BATMTwoL MAX,BATMTwo,BATMTwo Classic MAX,3999,USD,,,True,BATMTwoL MAX,PROD-137,01tJ9000001BgFwIAK
X19.P,400,BATMTwoP MAX,BATMTwo,BATMTwo Pro Head,2899,USD,,,True,BATMTwoP MAX,PROD-138,01tJ9000001BhBUIA0
X19.R,400,BATMTwoR MAX,BATMTwo,BATMTwo Pro Head,3299,USD,,,True,BATMTwoR MAX,PROD-139,01tJ9000001BhH8IAK
X9.7.4,400,GBSafe,GBSafe,GBSafe,5999,USD,,,True,GBSafe,PROD-140,01tJ9000001BgN3IAK
X9.7.3,400,GBSafe /Coinflip/,GBSafe,GB Vault,5999,USD,,,True,GBSafe /Coinflip/,PROD-141,01tJ9000001Bgw3IAC
X22,400,GMKit,GMKit,GMKit,499,USD,,,True,GMKit,PROD-142,01tJ9000001BgSAIA0
S31,100,1.4 m/2 izolace 30mm tlouška,,XPS Izolace,,,,,True,1.4 m/2 izolace 30mm tlouška,PROD-143,01tJ9000001BhLEIA0
B15,100,"1/4"" hlavice 10 mm sestihranna YT-1409 YATO",,"1/4"" hlavice 10 mm sestihranna YT-1409 YATO",,,0.0,,True,"1/4"" hlavice 10 mm sestihranna YT-1409 YATO",PROD-144,01tJ9000001Bh91IAC
C26,100,"1/4"" hlavice 5.5mm sestihranna YT-1404 YATO",,"1/4"" hlavice 5.5mm sestihranna YT-1404 YATO",,,0.0,,True,"1/4"" hlavice 5.5mm sestihranna YT-1404 YATO",PROD-145,01tJ9000001Bh5UIAS
C25,100,"1/4"" hlavice 7 mm sestihranna YT-1406 YATO",,"1/4"" hlavice 7 mm sestihranna YT-1406 YATO",,,0.0,,True,"1/4"" hlavice 7 mm sestihranna YT-1406 YATO",PROD-146,01tJ9000001BhJxIAK
C27,100,"1/4"" hlavice 8 mm sestihranna YT-1407 YATO",,"1/4"" hlavice 8 mm sestihranna YT-1407 YATO",,,0.0,,True,"1/4"" hlavice 8 mm sestihranna YT-1407 YATO",PROD-147,01tJ9000001BhLJIA0
B16,100,"1/4"" prodluzovaci nastavec 152 mm YT-1432 YATO",,"1/4"" prodluzovaci nastavec 152 mm YT-1432 YATO",,,0.0,,True,"1/4"" prodluzovaci nastavec 152 mm YT-1432 YATO",PROD-148,01tJ9000001BgI6IAK
B17,100,"1/4"" vratidlo typ T YT-1426 YATO",,"1/4"" vratidlo typ T YT-1426 YATO",,,0.0,,True,"1/4"" vratidlo typ T YT-1426 YATO",PROD-149,01tJ9000001Bh8WIAS
S28,100,150 mm PVC trubičky r8mm,,150 mm PVC trubičky r8mm,,,,,True,150 mm PVC trubičky r8mm,PROD-150,01tJ9000001BhIxIAK
Y22,300,AKAREL10 - pocitac,,AKAREL10 - computer,399,USD,,,True,AKAREL10 - pocitac,PROD-151,01tJ9000001BhBZIA0
Y3.3,300,AKAREL23 - pocitac pro BATMFour bez NFC,,AKAREL23 - computer for BATMFour without NFC,514,USD,,,True,AKAREL23 - pocitac pro BATMFour bez NFC,PROD-152,01tJ9000001BgfzIAC
Y3.2,300,AKAREL23 - pocitac pro BATMFour s NFC,,AKAREL23 - computer for BATMFour with NFC,514,USD,,,True,AKAREL23 - pocitac pro BATMFour s NFC,PROD-153,01tJ9000001Bh8kIAC
Y3.1,300,AKAREL23 - pocitac pro BATMThree bez NFC,,AKAREL23 - computer for BATMThree without NFC,514,USD,,,True,AKAREL23 - pocitac pro BATMThree bez NFC,PROD-154,01tJ9000001BhG6IAK
Y3,300,AKAREL23 - pocitac pro BATMThree s NFC,,AKAREL23 - computer for BATMThree with NFC,514,USD,,,True,AKAREL23 - pocitac pro BATMThree s NFC,PROD-155,01tJ9000001BhCpIAK
Y3.4,300,AKAREL23 - pocitac pro RC Kit,,AKAREL23 - pocitac pro RC Kit,,,,,True,AKAREL23 - pocitac pro RC Kit,PROD-156,01tJ9000001BhGCIA0
Y2,300,AKAREL7 - pocitac,,AKAREL7 - computer,399,USD,,,True,AKAREL7 - pocitac,PROD-157,01tJ9000001BgnaIAC
B1.2,100,Akceptor bankovek - MEI SCN8347,,Banknote acceptor - MEI SCN8347,683,USD,427.19,EUR,True,Akceptor bankovek - MEI SCN8347 - 600,PROD-158,01tJ9000001BhK2IAK
B1.3,100,Akceptor bankovek - MEI SCN8347X - 600GB,,Banknote acceptor - MEI SCN8347X - 600,683,USD,427.19,EUR,True,Akceptor bankovek - MEI SCN8347X - 600GB,PROD-159,01tJ9000001BgeHIAS
B1.4,100,Akceptor bankovek - MEI SCN8547 - 600,,Banknote acceptor - MEI SCN8547 - 600,683,USD,427.19,EUR,True,Akceptor bankovek - MEI SCN8547 - 600,PROD-160,01tJ9000001Bg2eIAC
B1.7,100,Akceptor bankovek - MEI SCNL8327R - 1200,,Banknote acceptor - MEI SCNL8327R - 1200,1114,USD,708.38,EUR,True,Akceptor bankovek - MEI SCNL8327R - 1200,PROD-161,01tJ9000001BhCXIA0
B1.5,100,Akceptor bankovek - MEI SCNXL8327 - 2200,,Banknote acceptor - MEI SCNXL8327 - 2200,1571,USD,954.45,EUR,True,Akceptor bankovek - MEI SCNXL8327 - 2200,PROD-162,01tJ9000001BgNXIA0
B1.6,100,Akceptor bankovek - MEI SCNXL8527R - 2200GB,,Banknote acceptor - MEI SCNXL8527R - 2200GB,1571,USD,954.45,EUR,True,Akceptor bankovek - MEI SCNXL8527R - 2200GB,PROD-163,01tJ9000001BhLOIA0
B1,100,Akceptor bankovek - UBA10SS,,Banknote acceptor - UBA10SS,,,375.0,EUR,True,Akceptor bankovek - UBA10SS,PROD-164,01tJ9000001BhFlIAK
M8,100,Alarm PCB,,PCBA board - PS3503V7r4,,,40.0,USD,True,Alarm PCB,PROD-165,01tJ9000001BhKlIAK
G13,100,Ambientní větrák 92x92,,FAN-92x92,,,,,True,Ambientní větrák 92x92,PROD-166,01tJ9000001BgySIAS
C13.1,100,Backlight driver k displeji/invertor pro LG,,Backlight driver for display/inverter for LG,12,USD,8.0,USD,True,Backlight driver k displeji/invertor pro LG,PROD-167,01tJ9000001BhLTIA0
C13,100,Backlight driver k displeji/invertor pro samsung,,Backlight driver for the display/inverter for samsung,12,USD,8.0,USD,True,Backlight driver k displeji/invertor pro samsung,PROD-168,01tJ9000001BhGpIAK
C48,100,Baterie 9V,,Battery 9V,,,0.0,,True,Baterie 9V,PROD-169,01tJ9000001BgOtIAK
G4,100,baterka do alarmu,,"1S2P-3,6V/5200",,,0.0,,True,baterka do alarmu,PROD-170,01tJ9000001Bh8HIAS
S20.3,200,BATMThree Operating Manual,,BATMThree Operating Manual,,,0.0,,True,BATMThree Operating Manual,PROD-171,01tJ9000001BhLYIA0
S20.1,200,BATMThree Quick Setup Guide,,BATMThree Quick Setup Guide,,,0.0,,True,BATMThree Quick Setup Guide,PROD-172,01tJ9000001BhJ4IAK
S20.6,200,BATMThree SCR Error codes handout,,andy.cotterell@cranepi.com,,,1.0,EUR,True,BATMThree SCR Error codes handout,PROD-173,01tJ9000001BhLdIAK
S20.5,200,BATMThreeXXL Code Lock Manual,,BATMThreeXXL Code Lock Manual,,,0.0,,True,BATMThreeXXL Code Lock Manual,PROD-174,01tJ9000001BgvNIAS
S20.2,200,BATMTwo Operating Manual,,BATMTwo Operating Manual,,,0.0,,True,BATMTwo Operating Manual,PROD-175,01tJ9000001BhLiIAK
S20,200,BATMTwo Quick Setup Guide,,BATMTwo Quick Setup Guide,,,0.0,,True,BATMTwo Quick Setup Guide,PROD-176,01tJ9000001Bh6AIAS
S20.4,200,BATMTwo Wall Mounting Template,,BATMTwo Wall Mounting Template,,,0.0,,True,BATMTwo Wall Mounting Template,PROD-177,01tJ9000001BgqoIAC
Y23,300,Bezel - Naustek akceptoru,,Blue bezel for bank. acceptor,20,USD,,,True,Bezel - Naustek akceptoru,PROD-178,01tJ9000001Bgf1IAC
B26,100,Bezel MEI 83 Modry,,Bezel MEI 83 Blue,,,20.6,EUR,True,Bezel MEI 83 Modry,PROD-179,01tJ9000001BhGuIAK
B40,100,BNF recycler modul with note tray,,252465019P1 with 252467018P1,,,,,True,BNF recycler modul with note tray,PROD-180,01tJ9000001Bh2xIAC
C2.2A,100,BNR recycler - hlava s flush bezelem,,PN 984004365 - BNR MMA D1-UB: with Metal Flush Bezel,,,1995.0,EUR,True,BNR recycler - hlava s flush bezelem,PROD-181,01tJ9000001BhLnIAK
C2.2D,100,BNR recycler - kovovy bezel,,PN 952873001P1,,,150.0,EUR,True,BNR recycler - kovovy bezel,PROD-182,01tJ9000001BhHrIAK
C2.2C,100,BNR recycler - telo (1x recycler modul + vydavac),,PN 969938001 - BNR CH3-11M,,,1995.0,EUR,True,BNR recycler - telo (1x recycler modul + vydavac),PROD-183,01tJ9000001BhL0IAK
C2.2B,100,BNR recycler - telo (2x recycler modul),,PN 969925001 - BNR CH3-20M,,,1995.0,EUR,True,BNR recycler - telo (2x recycler modul),PROD-184,01tJ9000001BhJdIAK
C2.2E,100,BNR recycler - zdroj,,PN 8157472 - Powersupply,,,157.5,EUR,True,BNR recycler - zdroj,PROD-185,01tJ9000001Bh2KIAS
C46.1,100,Boltwork with relocker for 1 lock (rozvora),,45100000 M3 Boltwork with relocker for 1 lock,,,8.89,EUR,True,Boltwork with relocker for 1 lock (rozvora),PROD-186,01tJ9000001Bh8wIAC
C75,100,"Bovden 170 mm,Bovden 800mm",,"Bowden_1 170 mm ,Bowden_1 800 mm",,,,,True,"Bovden 170 mm,Bovden 800mm",PROD-187,01tJ9000001Bh3aIAC
S21,200,Bublinkova folie,,BF100100 100m x 1m,,,0.0,,True,Bublinkova folie,PROD-188,01tJ9000001BhLsIAK
C3,100,Cash Dispenser F53,,47200660 GF0466 F53 DISPENSER SEMI BUNCH FRONT SERVICE,2142,USD,1189.0,EUR,True,Cash Dispenser F53,PROD-189,01tJ9000001BhDXIA0
C2,100,Cash Recycler MEI SCNR8327M - 600R,,"252803010P1 SC ADVANCE SCR8327M LATCH, ANTI SKEW",2451,USD,1494.15,EUR,True,Cash Recycler MEI SCNR8327M - 600R,PROD-190,01tJ9000001BhHnIAK
C2.1,100,Cash Recycler MEI SCNRL8327M - 1200R,,"SCNRL8327M PN 252803015P1  (RS 232, Anti skew HEAD, Recycler with 1200 cashbox)",2547,USD,1627.5,EUR,True,Cash Recycler MEI SCNRL8327M - 1200R,PROD-191,01tJ9000001Bh3iIAC
M1.2,100,Chladic coreboardu mx6,,VHP-MX6 - Heat spreader set MX6,7,USD,4.5,USD,True,Chladic coreboardu mx6,PROD-192,01tJ9000001BhLxIAK
M12.1,100,Chladic coreboardu mx8,,Coreboard mx8 cooler,,,,,True,Chladic coreboardu mx8,PROD-193,01tJ9000001BhM2IAK
M12.3,100,Chladic coreboardu mx8 mini,,VHP-VS8M,,,12.5,USD,True,Chladic coreboardu mx8 mini,PROD-194,01tJ9000001Bh5DIAS
M19,100,Chladic lednice,,FISCHER ELEKTRONIK SK 81/ 100 SA,,,,,True,Chladic lednice,PROD-195,01tJ9000001BhAYIA0
M7,100,Chladic malico - coreboard BT3 BT4 BTG,,"Cooler malico - coreboard BT3 BT4, BTG",12,USD,0.0,,True,Chladic malico - coreboard BT3 BT4 BTG,PROD-196,01tJ9000001BhM7IAK
H1,100,Citizen foto tiskarna,,CX-02 Digital Photo Printer (1000860),,,707.0,EUR,True,Citizen foto tiskarna,PROD-197,01tJ9000001BgimIAC
M1.1,100,Coreboard - mx6,,VSM-MX6-H9FE-3 MX6Q_V2_1200C_2048R_512N_8G_AC_EC_TP_WBD_LB_CT_LO_REV2.13E,190,USD,132.5,USD,True,Coreboard - mx6,PROD-198,01tJ9000001BgFxIAK
M1.1.1,100,Coreboard - mx6 (bez dual band),,VSM-MX6-H24B-3 MX6Q_V2_1200C_2048R_512N_8G_AC_EC_TP_WB_LB_CT_LO_REV2.13B,,,132.5,USD,True,Coreboard - mx6 (bez dual band),PROD-199,01tJ9000001BgnKIAS
M12,100,Coreboard - mx8,,VAR-SOM-MX8QM_1612C_4096R_16G_AC_EC_TP_WBD_ET_REV1.3A,,,297.85,USD,True,Coreboard - mx8,PROD-200,01tJ9000001BhMCIA0
M12.2,100,Coreboard - mx8 mini,,VAR-SOM-MX8MMQ_1800C_2048R_8G_AC_EC_LD_TP_CN_WBD_CT_REV1.5,,,143.0,USD,True,Coreboard - mx8 mini,PROD-201,01tJ9000001BhMHIA0
M12.4,100,Coreboard - mx8 mini plus,,VAR-SOM-MX8MPQ_1800C_4096R_16G_AC_EC_TP_WBD_CT,,,145.0,USD,True,Coreboard - mx8 mini plus,PROD-202,01tJ9000001BhEyIAK
M15,100,CPU chladič pro Peltier,,DeepCool- Gammaxx 400 EX,,,,,True,CPU chladič pro Peltier,PROD-203,01tJ9000001BhMMIA0
B18.21,100,cryptoflow samolepky - arch A teploměr,,cryptoflow samolepky - arch A,,,0.0,,True,cryptoflow samolepky - arch A teploměr,PROD-204,01tJ9000001BhJsIAK
B18.22,100,cryptoflow samolepky - arch B raketa,,cryptoflow samolepky - arch B,,,0.0,,True,cryptoflow samolepky - arch B raketa,PROD-205,01tJ9000001BgIXIA0
B18.23,100,cryptoflow samolepky - arch C svaly,,cryptoflow samolepky - arch C,,,0.0,,True,cryptoflow samolepky - arch C svaly,PROD-206,01tJ9000001BhDHIA0
C41.1,100,Ctecka carovych kodu,,Čtečka čárových kódů,135,USD,105.0,USD,True,Ctecka carovych kodu,PROD-207,01tJ9000001Bh8XIAS
C52,100,Datovy kabel k cash dispenseru F53,,Data Cable for Cash Dispenser F53,16,USD,8.0,EUR,True,Datovy kabel k cash dispenseru F53,PROD-208,01tJ9000001BhMRIA0
C39,100,Datovy kabel USB-RS232 prevodnik ke card dispenseru,,ku2-232 PremiumCord USB 2.0 - RS 232 převodník s kabelem,13,USD,0.0,,True,Datovy kabel USB-RS232 prevodnik ke card dispenseru,PROD-209,01tJ9000001BhMWIA0
D7.3,100,db9 kabel GMKit,,20CM DB9 MALE to FEMALE CABLE D - Cable DB9 20cm,,,,,True,db9 kabel GMKit,PROD-210,01tJ9000001Bgg0IAC
C71,100,DC-DC Invertor,,DC-DC Invertor,,,,,True,DC-DC Invertor,PROD-211,01tJ9000001Bh9AIAS
B19.8,100,Designove prodlouzeni skrine BATM2C,,Additional back cover BATMTwoC,,,0.0,,True,Designove prodlouzeni skrine BATM2C,PROD-212,01tJ9000001BhMbIAK
C62,100,Dev kit BATM3 - zelezo,,Dev kit BATM3 - zelezo,,,0.0,,True,Dev kit BATM3 - zelezo,PROD-213,01tJ9000001BhGDIA0
A1.2,100,"Displej 10"" s komplet kabelazi",,FN101PGRGUL041AQ02,,,120.0,USD,True,"Displej 10"" s komplet kabelazi",PROD-214,01tJ9000001BgqeIAC
A1.3,100,"Displej 10"" s touchem",,"Display 10"" with touch",,,118.0,USD,True,"Displej 10"" s touchem",PROD-215,01tJ9000001BhIfIAK
A1.4,100,"Displej 21,5"" s komplet kabelazi",,FN2150T034A with display P215HVN02.0.,,,170.0,USD,True,"Displej 21,5"" s komplet kabelazi",PROD-216,01tJ9000001BhCsIAK
A1.1,100,"Displej 7""",,"Display 7""",80,USD,40.0,USD,True,"Displej 7""",PROD-217,01tJ9000001BhBuIAK
A5,100,"Displej 7"" napajeci kabel",,"Display 7"" power cable",,,1.0,USD,True,"Displej 7"" napajeci kabel",PROD-218,01tJ9000001BgyrIAC
A1.1.2,100,"Displej 7"" v2",,G070VW01 V002 7inch LCD LED screen Grade A,,,,,True,"Displej 7"" v2",PROD-219,01tJ9000001BhCYIA0
C55,100,Distancni rozperka CS-13,,DRZ-VZ-13 CS-13,,,0.0,,True,Distancni rozperka CS-13,PROD-220,01tJ9000001Bgg2IAC
C65,100,Distancni sloupek do AK23 (na CB) 20 mm,,623-387,,,0.0,,True,Distancni sloupek do AK23 (na CB) 20 mm,PROD-221,01tJ9000001BgFIIA0
G6,100,distancni sloupek do alarmu,,623-050,,,0.0,,True,distancni sloupek do alarmu,PROD-222,01tJ9000001BhLPIA0
C65.2,100,Distancni sloupek pro GMkit (malý) 7 mm,,801-114,,,,,True,Distancni sloupek pro GMkit (malý) 7 mm,PROD-223,01tJ9000001BhMgIAK
C65.1,100,Distancni sloupek pro GMkit (velký na CB) 18 mm,,623-386,,,,,True,Distancni sloupek pro GMkit (velký na CB) 18 mm,PROD-224,01tJ9000001Bh17IAC
B6.9,100,Dlouha zemnici propojka,,KS022023 - (Dlouhá zemnící propojka),,,,,True,Dlouha zemnici propojka,PROD-225,01tJ9000001BgOuIAK
M16,100,DNA dispenser X2 mini,,Vending motor dispenser X2 mini - 9930500711,,,,,True,DNA dispenser X2 mini,PROD-226,01tJ9000001Bh4pIAC
Y25.8,300,DNA Meter korpus,,DNA Meter korpus,,,,,True,DNA Meter korpus,PROD-227,01tJ9000001BgjhIAC
Y25.9,300,DNA Meter lednice,,DNA Meter lednice,,,,,True,DNA Meter lednice,PROD-228,01tJ9000001BhKqIAK
M20,100,DNA-Motor_controller,,PS3535V1r5,,,,,True,DNA-Motor_controller,PROD-229,01tJ9000001Bgl0IAC
C60,100,Door Switch - Dverni spinac,,Door Switch,9,USD,2.8,EUR,True,Door Switch - Dverni spinac,PROD-230,01tJ9000001BhMlIAK
C77,100,Doraz samolepící,,"Tlumič nárazu, průměr 20x6,2mm, samolepicí, transparentní,",,,,,True,Doraz samolepící,PROD-231,01tJ9000001Bh1IIAS
C43,100,"egalax 23"" touch panel controller",,"Touch screen controller 23"", ETP-ESCAP7700 controller",,,23.0,USD,True,"egalax 23"" touch panel controller",PROD-232,01tJ9000001BhMqIAK
B41,100,El. zamek Series 400 - dual monitoring,,41032-201-1 - Micro rotary latch Series 400 w/ Molex connector and cable,,,39.25,EUR,True,El. zamek Series 400 - dual monitoring,PROD-233,01tJ9000001BhL1IAK
B42,100,El. zamek Series 400 - lock monitoring,,41032-101-1 - Micro rotary latch Series 400 w/ Molex connector and cable,,,39.25,EUR,True,El. zamek Series 400 - lock monitoring,PROD-234,01tJ9000001BgEzIAK
C34.2,100,"Elematic kabelova prichytka 27x6,5mm, 4,8mm",,"5473-100 RBE Držák stahovacích pásků 2 cestný s kaučukovým lepidlem do 4,8mm",,,,,True,"Elematic kabelova prichytka 27x6,5mm, 4,8mm",PROD-235,01tJ9000001BgzfIAC
B37,100,"Ethernet kabel 1,5m",,kód: MN214b06 - Síťový kabel Datacom CAT5E UTP 1.5m,,,0.0,,True,"Ethernet kabel 1,5m",PROD-236,01tJ9000001BhMvIAK
Y25.7,300,Expedicni krabice na GM Kit 8 ks,,Expedicni krabice na GM Kit 8 ks,,,,,True,Expedicni krabice na GM Kit 8 ks,PROD-237,01tJ9000001BhKHIA0
Y24.6,300,Expedicni krabice pro 5ks GMkitu,,Expedicni krabice pro 5ks GMkitu,,,,,True,Expedicni krabice pro 5ks GMkitu,PROD-238,01tJ9000001Bh9UIAS
B47.1,100,Extension plate upgrade VALINA BATMThree M/L,,"Výkresy: KY-2-01-20-40.0 , KY-2-01-20-41.0 ,KY-2-01-20-42.0",,,,,True,Extension plate upgrade VALINA BATMThree M/L,PROD-239,01tJ9000001Bh1SIAS
C3.1,100,F53 extension box,,(580-02735),714,USD,407.0,EUR,True,F53 extension box,PROD-240,01tJ9000001BhKSIA0
C57,100,F53/56 cassette 500 bankovek,,580-02734 - GF0425 F53/56 CASH CASSETTE 500,343,USD,198.0,EUR,True,F53/56 cassette 500 bankovek,PROD-241,01tJ9000001BhN0IAK
G15,100,Gastrobox GN 1-9,,GN 1-9 h65,,,,,True,Gastrobox GN 1-9,PROD-242,01tJ9000001BhN5IAK
B11.5,100,GBSafe plexi antena,,Plexi GS 3mm cire,0,,,,True,GBSafe plexi antena,PROD-243,01tJ9000001BgnLIAS
B11.6,100,GBSafe plexi ctecka,,Plexi GS 4mm cire,0,,,,True,GBSafe plexi ctecka,PROD-244,01tJ9000001BhNAIA0
G1,100,GPS antena,,AP.25M.07.0080A,,,0.0,,True,GPS antena,PROD-245,01tJ9000001BhNFIA0
G2,100,GSM antena,,https://www.aliexpress.com/item/2-4-G-SMA-antenna-Zigbee-wireless-pepper-potts-D5A3-5pcs/32735515172,,,0.53,USD,True,GSM antena,PROD-246,01tJ9000001Bh92IAC
D7.2,100,HDMI Kabel pro GMkit 90 zahnuty,,HDMI cabel right angled 0.3m,,,,,True,HDMI Kabel pro GMkit 90 zahnuty,PROD-247,01tJ9000001BhCOIA0
M18,100,Hliníkový heatspread,,ALU_heatspread,,,,,True,Hliníkový heatspread,PROD-248,01tJ9000001BhJyIAK
B13,100,Hmozdinky,,FM-XP 10x65 - kód produktu: 12871,,,0.0,,True,Hmozdinky,PROD-249,01tJ9000001BhKWIA0
C8,100,Hopper,,HP-L112 Hopperkid O STD 24V Pulse,,,98.1,EUR,True,Hopper,PROD-250,01tJ9000001Bgy6IAC
G19,100,Houbička do gastroboxu,,Houbička do gastroboxu,,,,,True,Houbička do gastroboxu,PROD-251,01tJ9000001BhMSIA0
C32.1,100,Husí krk pro jack 1m,,Husí krk s podélným řezem Ø 7mm (vnější)  Ø 5mm (vnitřní),,,,,True,Husí krk pro jack 1m,PROD-252,01tJ9000001BhBaIAK
S29,100,Izolace Ø 15 mm-délka 35mm-na-lednici,,Izolace Ø 15 mm-délka 35mm-na-lednici,,,,,True,Izolace Ø 15 mm-délka 35mm-na-lednici,PROD-253,01tJ9000001Bh8lIAC
C56.4,100,JCM UBA10 Cashbox 600 notes,,47200283 128680 UBA-10/iPRO PLASTIC CASHBOX ONLY 500,,,48.0,EUR,True,JCM UBA10 Cashbox 600 notes,PROD-254,01tJ9000001Bh3EIAS
A4.2,100,"Kabel k 10"" touchi",,FN185A011-USBX-V2.0,,,3.0,USD,True,"Kabel k 10"" touchi",PROD-255,01tJ9000001Bh00IAC
C72,100,Kabel k LED od Motor controlleru,,KS022028 - Kabel k LED od Motor controlleru,,,,,True,Kabel k LED od Motor controlleru,PROD-256,01tJ9000001BhNKIA0
B6,100,Kabelaz batm2 akceptor - MEI,,Cabling batm2 acceptor - MEI,,,3.8,EUR,True,Kabelaz batm2 akceptor - MEI,PROD-257,01tJ9000001BhNPIA0
B6.1,100,Kabelaz batm2 akceptor + door switch,,Cabling batm2 acceptor + door switch,,,0.0,,True,Kabelaz batm2 akceptor + door switch,PROD-258,01tJ9000001BhNUIA0
B6.3,100,Kabelaz batm2R datova + door switch,,KS022014 - (BATM2R nové provedení),,,0.0,,True,Kabelaz batm2R datova + door switch,PROD-259,01tJ9000001BhBvIAK
C10,100,Kabelaz datova aktualizovana pro batm3,,KS022007 - (datova kabelaz batm3),,,0.0,,True,Kabelaz datova aktualizovana pro batm3,PROD-260,01tJ9000001BhLQIA0
C66,100,Kabelaz datova pro BATM5,,KS022013 - (kabeláž pro BATM5),,,0.0,,True,Kabelaz datova pro BATM5,PROD-261,01tJ9000001BhIzIAK
B31,100,Kabelaz do stojanu,,KS022008 - (kabelaz do stojanu),,,0.0,,True,Kabelaz do stojanu,PROD-262,01tJ9000001Bh18IAC
B6.11,100,Kabelaz k dispenzeru pro DNAmeter,,KS022027 - (DNA kabelaz k dispenseru),,,0.0,,True,Kabelaz k dispenzeru pro DNAmeter,PROD-263,01tJ9000001BhGRIA0
B45,100,Kabelaz na GMKit,,KS022026 - (GMKit),,,0.0,,True,Kabelaz na GMKit,PROD-264,01tJ9000001BhNZIA0
B6.6,100,Kabelaz pro BATM2 Ultra 12V,,KS022019 - (BATM2 ULTRA 12V),,,,,True,Kabelaz pro BATM2 Ultra 12V,PROD-265,01tJ9000001BhNeIAK
B6.7,100,Kabelaz pro BATM2 Ultra 24V,,KS022020 - (BATM2 ULTRA 24V),,,,,True,Kabelaz pro BATM2 Ultra 24V,PROD-266,01tJ9000001BhFEIA0
B6.5,100,Kabelaz pro BATM2 Ultra BNR,,KS022018 - (BATM2 ULTRA BNR),,,,,True,Kabelaz pro BATM2 Ultra BNR,PROD-267,01tJ9000001BgvOIAS
B6.4,100,Kabelaz pro BNR,,KS022016 - (Kabeláž pro BNR),,,0.0,,True,Kabelaz pro BNR,PROD-268,01tJ9000001BhLjIAK
B34,100,Kabelaz pro doorswitch,,KS022009 -(Cable ALARM to DOOR switch),,,0.0,,True,Kabelaz pro doorswitch,PROD-269,01tJ9000001BhNjIAK
B34.1,100,Kabelaz pro doorswitch - novy,,KS022015 -(Cable ALARM to DOOR switch - 4pin),,,0.0,,True,Kabelaz pro doorswitch - novy,PROD-270,01tJ9000001BhNoIAK
C34,100,Kabelova prichytka sroubovaci 16mm UCF-4,,MRF-160-PA (UCF-4),,,0.0,,True,Kabelova prichytka sroubovaci 16mm UCF-4,PROD-271,01tJ9000001BgcmIAC
C34.1,100,Kabelova prichytka sroubovaci 8mm UCF-4,,MRF-080-PA (UCF-4),,,0.0,,True,Kabelova prichytka sroubovaci 8mm UCF-4,PROD-272,01tJ9000001Bh3sIAC
C54,100,Kabelova pruchodka GM-2015,,POM-2015 GM-2015,,,0.0,,True,Kabelova pruchodka GM-2015,PROD-273,01tJ9000001BhHoIAK
B52,100,Kabelová sada Zámky - Motor Controller,,Zámky - Motor Controller (Jsou to 3 kabely),,,,,True,Kabelová sada Zámky - Motor Controller,PROD-274,01tJ9000001BhKMIA0
S15,200,Kabely k osvetleni kamery,,Kabel CYH2x0.15 AWG24 č. 651-505 GME černo-červený,,,0.0,,True,Kabely k osvetleni kamery,PROD-275,01tJ9000001Bh3vIAC
B43,100,Kabinet na DevKit BatmTwo,,BATM_devkit_v2,,,0.0,,True,Kabinet na DevKit BatmTwo,PROD-276,01tJ9000001BhN1IAK
B44,100,Kabinet na GMKit BatmTwo,,GMKitv1,,,0.0,,True,Kabinet na GMKit BatmTwo,PROD-277,01tJ9000001Bgo9IAC
B44.1,100,Kabinet na GMKit BatmTwo v3,,GMKitv3,,,,,True,Kabinet na GMKit BatmTwo v3,PROD-278,01tJ9000001BhNtIAK
B44.2,100,Kabinet na GMKit BatmTwo v4,,GMKitv4,,,,,True,Kabinet na GMKit BatmTwo v4,PROD-279,01tJ9000001BhNyIAK
Y20,300,Kabinet pro BATMFour s elektronikou a NFC,,Kabinet pro BATMFour s elektronikou a NFC,,,,,True,Kabinet pro BATMFour s elektronikou a NFC,PROD-280,01tJ9000001BhO3IAK
Y20.1,300,Kabinet pro BATMFour s elektronikou bez NFC,,Kabinet pro BATMFour s elektronikou bez NFC,,,,,True,Kabinet pro BATMFour s elektronikou bez NFC,PROD-281,01tJ9000001Bh8YIAS
Y13.2,300,Kabinet pro BATMThree SAFE s elektronikou a NFC,,Kabinet pro BATMThree SAFE s elektronikou a NFC,,,,,True,Kabinet pro BATMThree SAFE s elektronikou a NFC,PROD-282,01tJ9000001BhECIA0
Y13.3,300,"Kabinet pro BATMThree SAFE s elektronikou, bez NFC",,"Kabinet pro BATMThree SAFE s elektronikou, bez NFC",,,,,True,"Kabinet pro BATMThree SAFE s elektronikou, bez NFC",PROD-283,01tJ9000001BhO8IAK
Y12.3,300,Kabinet pro BATMThree STD s elektronikou bez NFC a trezoru,,Kabinet pro BATMThree STD s elektronikou bez NFC a trezoru,,,,,True,Kabinet pro BATMThree STD s elektronikou bez NFC a trezoru,PROD-284,01tJ9000001BhGjIAK
Y12.2,300,"Kabinet pro BATMThree STD s elektronikou, NFC",,"Kabinet pro BATMThree STD s elektronikou, NFC",,,,,True,"Kabinet pro BATMThree STD s elektronikou, NFC",PROD-285,01tJ9000001BhDLIA0
B36.1,100,Kablik pro naustek akceptoru,,Cable for LED bezel,,,2.1,EUR,True,Kablik pro naustek akceptoru,PROD-286,01tJ9000001Bgu2IAC
B2.1,100,Kamera - A4tech PK-910H,,KAMAS1130 Kamera - A4tech PK-910H,,,0.0,,True,Kamera - A4tech PK-910H,PROD-287,01tJ9000001BhEiIAK
B2.2,100,Kamera - Logitech C525/B525,,Camera Logitech C525/B525,74,USD,0.0,,True,Kamera - Logitech C525/B525,PROD-288,01tJ9000001BhK7IAK
B2.3,100,Kamera - Logitech C920/C922Pro,,Camera Logitech C920/C922Pro,98,USD,69.9,USD,True,Kamera - Logitech C920/C922Pro,PROD-289,01tJ9000001BhODIA0
B2,100,Kamera - Microsoft HD6000 (nepouziva se),,Kamera - Microsoft HD6000 (nepouziva se),,,,,True,Kamera - Microsoft HD6000 (nepouziva se),PROD-290,01tJ9000001Bgz7IAC
B2.4,100,Kamera - PS5268 (selfie ultra),,"PS5268 Camera Module, 76 degree",,,18.72,USD,True,Kamera - PS5268 (selfie ultra),PROD-291,01tJ9000001Bh4kIAC
C67.1,100,KDA10 - Cashbox,,KDA10 - Cashbox,,,330.0,EUR,True,KDA10 - Cashbox,PROD-292,01tJ9000001Bh9MIAS
C67.2,100,KDA10 - Chassis,,KDA10 - Chassis,,,230.0,EUR,True,KDA10 - Chassis,PROD-293,01tJ9000001BhFFIA0
C67,100,KDA10 - Head,,KDA 10 - OEM Bunch Feed Banknote Module,,,1600.0,EUR,True,KDA10 - Head,PROD-294,01tJ9000001BhLkIAK
C45,100,Keycap CAMLOCK black,,PKCB,1,USD,0.14,EUR,True,Keycap CAMLOCK black,PROD-295,01tJ9000001BhOIIA0
C45.2,100,Keycap CAMLOCK blue,,PKCU,1,USD,0.14,EUR,True,Keycap CAMLOCK blue,PROD-296,01tJ9000001Bh2yIAC
C45.3,100,Keycap CAMLOCK green,,PKCG,1,USD,0.14,EUR,True,Keycap CAMLOCK green,PROD-297,01tJ9000001Bh54IAC
C45.5,100,Keycap CAMLOCK grey,,PKCGR,1,USD,0.14,EUR,True,Keycap CAMLOCK grey,PROD-298,01tJ9000001BhONIA0
C45.8,100,Keycap CAMLOCK orange,,PKCO,1,USD,0.14,EUR,True,Keycap CAMLOCK orange,PROD-299,01tJ9000001BhDYIA0
C45.7,100,Keycap CAMLOCK purple,,PKCP,1,USD,0.14,EUR,True,Keycap CAMLOCK purple,PROD-300,01tJ9000001BhATIA0
C45.1,100,Keycap CAMLOCK red,,PKCR,1,USD,0.14,EUR,True,Keycap CAMLOCK red,PROD-301,01tJ9000001BhIlIAK
C45.6,100,Keycap CAMLOCK white,,PKCW,1,USD,0.14,EUR,True,Keycap CAMLOCK white,PROD-302,01tJ9000001BhKIIA0
C45.4,100,Keycap CAMLOCK yellow,,PKCY,1,USD,0.14,EUR,True,Keycap CAMLOCK yellow,PROD-303,01tJ9000001BhOSIA0
C73,100,KK-Dverni zaves Kubica 6400,,KK-Dverni zaves Kubica 6400,,,,,True,KK-Dverni zaves Kubica 6400,PROD-304,01tJ9000001BginIAC
C47,100,Klavesnice k C46 elektronicka,,Keyboard for Electronic lock C46,40,USD,25.21,EUR,True,Klavesnice k C46 elektronicka,PROD-305,01tJ9000001BhBVIA0
F4.1,100,Klavírový pant pro BATMTwo Ultra,,Klavírový pant BC21-03-20-00.6,,,0.0,,True,Klavírový pant pro BATMTwo Ultra,PROD-306,01tJ9000001BhNBIA0
F4,100,Klavirovy pant pro stojan,,Hinge for stand,,,0.0,,True,Klavirovy pant pro stojan,PROD-307,01tJ9000001BhMDIA0
X18,100,Klec na BatmTwo,,BatmTwo cage,180,USD,0.0,,True,Klec na BatmTwo,PROD-308,01tJ9000001BhAiIAK
C46.3,100,klika k el. zámku vc. hranolu,,Pull handle with prism for C46,,,9.7,EUR,True,klika k el. zámku vc. hranolu,PROD-309,01tJ9000001Bh6pIAC
C46.2,100,Klika z ciny,,Lock Handle,,,1.86,USD,True,Klika z ciny,PROD-310,01tJ9000001BhCPIA0
S30,100,Koncovka lana,,Koncovka lana,,,,,True,Koncovka lana,PROD-311,01tJ9000001BgixIAC
S32,100,Kondenzační mezikus,,DNA2-10-30-01.0,,,,,True,Kondenzační mezikus,PROD-312,01tJ9000001Bh9fIAC
B29,100,"Konektor 2pin Rm 2,54",,GME PH02-2P č. 800-084 (nepodstatne:  kontakt PEH02-01FG č.800-191),,,0.0,,True,"Konektor 2pin Rm 2,54",PROD-313,01tJ9000001BhOXIA0
G10,100,krabice na alarm,,RPT10,,,0.0,,True,krabice na alarm,PROD-314,01tJ9000001BhMTIA0
Y8.2,300,Krabice na BATMTwo Ultra,,Krabice na BATMTwo Ultra,,,,,True,Krabice na BATMTwo Ultra,PROD-315,01tJ9000001BhArIAK
B10.18,100,Krabice pro BATMTwo Ultra,,Z0000005381 - klopová krabice FEFCO 0200 (520x370x1400)mm 2.90 BC X9 lepená,,,0.0,,True,Krabice pro BATMTwo Ultra,PROD-316,01tJ9000001Bh8mIAC
M11.1,100,Krabicka na Raspberry Pi3 model B,,Kód: RPI-B05,,,0.0,,True,Krabicka na Raspberry Pi3 model B,PROD-317,01tJ9000001BhGkIAK
B6.8,100,Kratka zemnici propojka,,KS022022 - (Krátká zemnící propojka),,,,,True,Kratka zemnici propojka,PROD-318,01tJ9000001BhAxIAK
B6.10,100,Kratky Jack kabel,,KS022024 - (Krátký jack kabel -30cm),,,,,True,Kratky Jack kabel,PROD-319,01tJ9000001BhDfIAK
F3,100,Kridlo LEVE pro zelezny stojan pro BATMTwoL,,Křídlo pro stojan - levé,,,0.0,,True,Kridlo LEVE pro zelezny stojan pro BATMTwoL,PROD-320,01tJ9000001BhBwIAK
F2,100,Kridlo PRAVE pro zelezny stojan pro BATMTwoL,,Křídlo pro stojan - pravé,,,0.0,,True,Kridlo PRAVE pro zelezny stojan pro BATMTwoL,PROD-321,01tJ9000001Bh9HIAS
S23,200,Krouzek na klice,,"7062006 - KROUŽEK NA KLÍČE, PONIKLOVANÝ",,,0.0,,True,Krouzek na klice,PROD-322,01tJ9000001BhCZIA0
C38.1,100,Krytka NFC anteny,,Jakube hod to do stroje,,,0.0,,True,Krytka NFC anteny,PROD-323,01tJ9000001BgfVIAS
B5,100,LED pasek na osvetleni,,LED light strip,,,0.0,,True,LED pasek na osvetleni,PROD-324,01tJ9000001BhDRIA0
A8,100,Lepici paska 3M VHB 4611-F 6mm 33m,,3M páska - kód 7000033105,,,0.0,,True,Lepici paska 3M VHB 4611-F 6mm 33m,PROD-325,01tJ9000001BgmRIAS
A8.1,100,Lepici paska 3M VHB 4611-F 9mm 33m,,Lepici paska 3M VHB 4611-F 9mm 33m,,,0.0,,True,Lepici paska 3M VHB 4611-F 9mm 33m,PROD-326,01tJ9000001Bh8DIAS
S25,200,Lepici paska GB 2 barvy,,FSADPB33D Bila PP lep.paska s fir.potiskem 2 barvy,,,0.0,,True,Lepici paska GB 2 barvy,PROD-327,01tJ9000001BhGqIAK
B30.1,100,Lepidlo dvousložkové epoxidové 24ml,,Dvousložkové epoxidové lepidlo,,,,,True,Lepidlo dvousložkové epoxidové 24ml,PROD-328,01tJ9000001BhOcIAK
C1.1,100,"LG LCD Display 23""",,LM230WF3-SLQ5,149,USD,0.0,USD,True,"LG LCD Display 23""",PROD-329,01tJ9000001Bg8fIAC
B49.1,100,Locking strike pin,,Locking strike pin,,,,,True,Locking strike pin,PROD-330,01tJ9000001BgjiIAC
A4.1,100,"LVDS kabel 7""",,LVDS cable (cable B),"2,5.00",USD,1.0,USD,True,"LVDS kabel 7""",PROD-331,
A1.3.1,100,"LVDS kabel k 10"" displeji",,E17147602000R,14,USD,10.5,USD,True,"LVDS kabel k 10"" displeji",PROD-332,01tJ9000001BhMmIAK
C49,100,"LVDS Kabel pro 23"" Display",,SFL-299 - datovy LVDS,8,USD,4.0,USD,True,"LVDS Kabel pro 23"" Display",PROD-333,01tJ9000001BhNkIAK
G7,100,magnet 5x5 mm,,20716,,,0.0,,True,magnet 5x5 mm,PROD-334,01tJ9000001Bgl4IAC
G16,100,Magnet KRP-16,,Magnet KRP-16,,,,,True,Magnet KRP-16,PROD-335,01tJ9000001Bh2zIAC
B41.2,100,Magnet pro striker pro Series 400,,8550114 Magnet assembly Striker S400,,,0.25,EUR,True,Magnet pro striker pro Series 400,PROD-336,01tJ9000001BhHsIAK
A7,100,Mechova paska 9x3mm (m),,Foam belt 9x3mm (m),,,0.0,,True,Mechova paska 9x3mm (m),PROD-337,01tJ9000001BglEIAS
A11.1,100,"Mechovy ramecek 10""",,"Foam frames 10""",,,1.1,USD,True,"Mechovy ramecek 10""",PROD-338,01tJ9000001BhOhIAK
A11,100,"Mechovy ramecek 7""",,"Foam frames 7""",,,0.8,USD,True,"Mechovy ramecek 7""",PROD-339,01tJ9000001BhLyIAK
H2,100,Media do fototiskarny,,"CX-02 Media - 4 x 6"" - TWO sets/box (3000184)",,,65.59,EUR,True,Media do fototiskarny,PROD-340,01tJ9000001BhOmIAK
C56.2,100,MEI Cashbox 1200 notes incl. latch,,252205013P1 Cashbox 1200 notes,262,USD,157.5,EUR,True,MEI Cashbox 1200 notes incl. latch,PROD-341,01tJ9000001BhAZIA0
C56.3,100,MEI Cashbox 2200 notes incl latch,,"45264 252760001P - S SCXL CASHBOX, W/D HASP",510,USD,345.0,EUR,True,MEI Cashbox 2200 notes incl latch,PROD-342,01tJ9000001BhM8IAK
C56,100,MEI Cashbox 600 notes,,"45114 252061171P1 - S SC83 CASHBOX, EXTENDED",133,USD,78.75,EUR,True,MEI Cashbox 600 notes (extended - neni pro recycler),PROD-343,01tJ9000001BhKTIA0
C56.1,100,MEI Cashbox 600 notes (extended),,"45295 50043690P1 - S SCXX CASHBOX, 600 NOTE",133,USD,78.75,EUR,True,MEI Cashbox 600 notes (pridat zapadku),PROD-344,01tJ9000001BhOrIAK
M11.2,100,MicroSD karta 16 GB,,Kód: DT807j1a2,,,0.0,,True,MicroSD karta 16 GB,PROD-345,01tJ9000001BhHEIA0
G8,100,mikro USB kabel pro alarm,,ku2m2f-90,,,0.0,,True,mikro USB kabel pro alarm,PROD-346,01tJ9000001BhMNIA0
B46,100,Mini gender changer,,Mini Gender Changer DB9,,,,,True,Mini gender changer,PROD-347,01tJ9000001BhAjIAK
C61,100,Mini USB kabel,,ku2m2a,,,0.0,,True,Mini USB kabel,PROD-348,01tJ9000001BhOwIAK
B10.5,100,Molitan do BATMTwo Stand,,General Molitan N 1620 35x6x150cm,,,0.0,,True,Molitan do BATMTwo Stand,PROD-349,01tJ9000001BhG1IAK
M6,100,Motherboard - Osazeny a tisteny spoj pro VARSOM,,Motherboard,105,USD,80.99,USD,True,Motherboard - Osazeny a tisteny spoj pro VARSOM,PROD-350,01tJ9000001BhO4IAK
M6.1,100,Motherboard v2 - Osazeny a tisteny spoj pro VARSOM,,Motherboard v2,105,USD,,,True,Motherboard v2 - Osazeny a tisteny spoj pro VARSOM,PROD-351,01tJ9000001BgiyIAC
B4.2,100,Nahradni klicek,,Spare key,9,USD,,,True,Nahradni klicek,PROD-352,01tJ9000001BhDIIA0
A10.4,100,Napajeci kabel AU 230V 2m,,Power cable AU 230V 2m,,,0.0,,True,Napajeci kabel AU 230V 2m,PROD-353,01tJ9000001BhOYIA0
A10.1,100,Napajeci kabel EU 230V 1m,,Power cable EU 230V 1m,,,0.0,,True,Napajeci kabel EU 230V 1m,PROD-354,01tJ9000001BgwCIAS
A10,100,Napajeci kabel EU 230V 2m,,Power cable EU 230V 2m,,,0.0,,True,Napajeci kabel EU 230V 2m,PROD-355,01tJ9000001BhIQIA0
C51,100,Napajeci kabel k invertoru,,SFL-300 - Napajeci kabel mezi motherboardem a invertorem,,,2.0,USD,True,Napajeci kabel k invertoru,PROD-356,01tJ9000001Bh97IAC
C70,100,Napajeci kabel k LED osvetleni,,LED light cable,,,0.75,EUR,True,Napajeci kabel k LED osvetleni,PROD-357,01tJ9000001BgrtIAC
C50,100,"Napajeci kabel pro displej 23""",,SFL-900 - napajeci mezi invertorem a displayem,,,4.0,USD,True,"Napajeci kabel pro displej 23""",PROD-358,01tJ9000001BhAyIAK
C50.1,100,"Napajeci kabel pro displej 23"" novy",,SFL-448 - napajeci kabel mezi displejem a invertorem,,,2.0,USD,True,"Napajeci kabel pro displej 23"" novy",PROD-359,01tJ9000001BhP1IAK
A10.3,100,Napajeci kabel UK 230V 2m,,Power cable UK 230V 2m,,,0.0,,True,Napajeci kabel UK 230V 2m,PROD-360,01tJ9000001Bgu6IAC
A10.2,100,Napajeci kabel US 230V 2m,,Power cable US 230V 2m,,,0.0,,True,Napajeci kabel US 230V 2m,PROD-361,01tJ9000001BhP6IAK
B53,100,Napájecí kabeláž,,Napájecí kabeláž,,,,,True,Napájecí kabeláž,PROD-362,01tJ9000001BgGRIA0
C53,100,Napajeci kabelaz k cash dispenseru F53,,Power cables for cash dispenser F53,,,8.0,EUR,True,Napajeci kabelaz k cash dispenseru F53,PROD-363,01tJ9000001Bh9vIAC
B9,100,Napajeci kabelaz pro Batm2 (230V 2x EURO konektor),,Power supply cable for Batm2 (230V 2x EURO connector),,,4.15,EUR,True,Napajeci kabelaz pro Batm2 (230V 2x EURO konektor),PROD-364,01tJ9000001BhPBIA0
C11,100,Napajeci kabelaz pro batm3 (230V  prodluzka),,KS022004 - (prodluzka 230V),,,0.0,,True,Napajeci kabelaz pro batm3 (230V  prodluzka),PROD-365,01tJ9000001Bgt8IAC
A9,100,Napajeci zdroj 230V/12V 5A,,Power supply 230V/12V 5A - YHY-12005000,23,USD,11.41,EUR,True,Napajeci zdroj 230V/12V 5A,PROD-366,01tJ9000001BhLeIAK
C7.1,100,Napajeci zdroj 230V/24V 10A,,Power supply 230V/24V 10A,79,USD,56.0,USD,True,Napajeci zdroj 230V/24V 10A,PROD-367,01tJ9000001BhPGIA0
C7,100,Napajeci zdroj 230V/24V 5A,,Power supply 230V/24V 5A,45,USD,28.0,USD,True,Napajeci zdroj 230V/24V 5A,PROD-368,01tJ9000001BgzQIAS
C16.1,100,Neon Kabelaz pro BATMFour,,A0SVA03 (délka kabelu 30cm),,,0.0,,True,Neon Kabelaz pro BATMFour,PROD-369,01tJ9000001BhOOIA0
C16,100,Neon Kabelaz pro BATMThree,,AVKS153 (délka kabelu 75 cm),,,0.0,,True,Neon Kabelaz pro BATMThree,PROD-370,01tJ9000001BhLAIA0
C17.1,100,Neon plexi profil (cast 1),,Neon plexi profile (cast 1),,,30.0,EUR,True,Neon plexi profil (cast 1),PROD-371,01tJ9000001BhKJIA0
C17.2,100,Neon plexi profil (cast 2),,Neon plexi profile (cast 2),,,33.0,EUR,True,Neon plexi profil (cast 2),PROD-372,01tJ9000001BgmkIAC
C17.3,100,Neon plexi profil (cast 3),,Neon plexi profile (cast 3),,,32.0,EUR,True,Neon plexi profil (cast 3),PROD-373,01tJ9000001BgkWIAS
C15.1,100,Neon RGB LED paska (m) - Pro BATMFour,,Neon RGB LED Strip (m) - For BATMFour,,,0.0,,True,Neon RGB LED paska (m) - Pro BATMFour,PROD-374,01tJ9000001Bh4KIAS
C15,100,Neon RGB LED paska (m) - Pro BATMThree,,Neon RGB LED Strip (m) - For BATMThree,,,0.0,,True,Neon RGB LED paska (m) - Pro BATMThree,PROD-375,01tJ9000001BhBRIA0
C17,100,Neon silikonovy profil (m),,"AVKS104:Silicon profile SP932, E-Gaming NCM, S3, TNT",,,0.0,,True,Neon silikonovy profil (m),PROD-376,01tJ9000001BhOxIAK
B51,100,Nerezovy sroub M3x25 A4,,M3x25 A4,,,,,True,Nerezovy sroub M3x25 A4,PROD-377,01tJ9000001BgwGIAS
C38,100,NFC antena,,538-146236-0121 - Antennas REC NFC ANT W/Ferrite 34X46,,,0.0,,True,NFC antena,PROD-378,01tJ9000001BhO5IAK
C41,100,NFC ctecka,,NFC reader,45,USD,30.0,USD,True,NFC ctecka,PROD-379,01tJ9000001BgizIAC
C42,100,NFC Karta,,NFC Card,4,USD,0.28,USD,True,NFC Karta,PROD-380,01tJ9000001BhOZIA0
A8.3,100,"Oboustranna lepici paska 3M GPH-160GF VHB 1,6 x 25 mm",,7100101045,,,,,True,"Oboustranna lepici paska 3M GPH-160GF VHB 1,6 x 25 mm",PROD-381,01tJ9000001Bh9oIAC
A8.4,100,"Oboustranna lepici paska 3M GPH-160GF VHB 1,6 x 9 mm",,3M.35.0839,,,,,True,"Oboustranna lepici paska 3M GPH-160GF VHB 1,6 x 9 mm",PROD-382,01tJ9000001BgruIAC
A8.2,100,"Oboustranna lepici penova paska 3M 4008 tl:3,2mm š:12mm",,"Oboustranně lepicí pěnová páska 3M 4008 tl. 3,2mm",,,,,True,"Oboustranna lepici penova paska 3M 4008 tl:3,2mm š:12mm",PROD-383,01tJ9000001Bh5oIAC
C76,100,Ocelové lanko,," Ø 1,22 m, 1250 mm délka",,,,,True,Ocelové lanko,PROD-384,01tJ9000001BhIaIAK
C31,100,Ochana hrany plechu (m),,OOHP-010 (KG-010) baleno po 10m,,,0.0,,True,Ochana hrany plechu (m),PROD-385,01tJ9000001BgvdIAC
Y7,300,Osvetleni pro kameru vcetne kabelaze,,Nevyrábí se v Heliosu .. Naskladnuje p. Vylita,,,0.0,,True,Osvetleni pro kameru vcetne kabelaze,PROD-386,01tJ9000001BgwNIAS
B3.A,100,Packa k zamku,,Lock lever,,,0.22,EUR,True,Packa k zamku,PROD-387,01tJ9000001BhE4IAK
B3.B,100,Packa k zamku - rovna,,Lock lever - straight,,,0.0,,True,Packa k zamku - rovna,PROD-388,01tJ9000001BhKmIAK
S26,200,Paleta,,Paleta,,,0.0,,True,Paleta,PROD-389,01tJ9000001BhOdIAK
C23,100,"Papir do tiskarny 3""",,"Printer paper roll 6"" DIAMETER",,,4.6,EUR,True,"Papir do tiskarny 3""",PROD-390,01tJ9000001BhLlIAK
C33.3,100,Papirova krabice na batm3l/m/xl cast 4,,V0000001796 - klopova krabice FEFCO 0200 (635x355x620)mm 2.90 BC,,,0.0,,True,Papirova krabice na batm3l/m/xl cast 4,PROD-391,01tJ9000001Bh0FIAS
C33.8,100,Papirova krabice na batm3xxl (hlava)cast 4,,krabice FEFCO 0200 – zál. lepená 635x635x600mm,,,0.0,,True,Papirova krabice na batm3xxl (hlava)cast 4,PROD-392,01tJ9000001Bgl5IAC
C33.94,100,Papirova krabice na batm4,,V0000009426 klopová krabice FEFCO 0200 (568x502x885)mm 2.81 BC šitá,,,0.0,,True,Papirova krabice na batm4,PROD-393,01tJ9000001BgzRIAS
Y11.1,300,Papirova krabice na BATMFour kompleni,,Papirova krabice na BATMFour kompleni,,,,,True,Papirova krabice na BATMFour kompleni,PROD-394,01tJ9000001BhPLIA0
Y10,300,Papirova krabice na BATMThreeL/M/XL kompletni,,Papirova krabice na BATMThreeL/M/XL kompletni,,,0.0,,True,Papirova krabice na BATMThreeL/M/XL kompletni,PROD-395,01tJ9000001BgHJIA0
Y11,300,Papirova krabice na BATMThreeXXL kompletni,,Papirova krabice na BATMThreeXXL kompletni,,,,,True,Papirova krabice na BATMThreeXXL kompletni,PROD-396,01tJ9000001BhLtIAK
Y8.1,300,Papirova krabice na BATMTwo Pro Stand,,Papirova krabice na BATMTwo Pro Stand,,,,,True,Papirova krabice na BATMTwo Pro Stand,PROD-397,01tJ9000001Bh0KIAS
Y8,300,Papirova krabice na BATMTwo Stand,,Papirova krabice na BATMTwo Stand,,,,,True,Papirova krabice na BATMTwo Stand,PROD-398,01tJ9000001BhLBIA0
Y9,300,Papirova krabice na BATMTwoC kompletni,,Papirova krabice na BATMTwoC kompletni,,,,,True,Papirova krabice na BATMTwoC kompletni,PROD-399,01tJ9000001BgxtIAC
Y16,300,Papirova krabice na BATMTwoL/P kompletni,,Papirova krabice na BATMTwoL/P kompletni,,,,,True,Papirova krabice na BATMTwoL/P kompletni,PROD-400,01tJ9000001BhJnIAK
C33.93,100,Papirova krabice na polomelky bankomat (hlava) cast 4,,V0000005773 klopová krabice FEFCO 0200 (640x450x620)mm 2.90 BC lepená,,,0.0,,True,Papirova krabice na polomelky bankomat (hlava) cast 4,PROD-401,01tJ9000001Bh40IAC
Y10.1,300,Papirova krabice na polomelky BATMThreeL/M/XL kompletni,,Papirova krabice na polomelky BATMThreeL/M/XL kompletni,,,0.0,,True,Papirova krabice na polomelky BATMThreeL/M/XL kompletni,PROD-402,01tJ9000001BhPQIA0
B10.15,100,Papirova krabice pro BATMTwo Pro Stand cast 2,,V0000009699 - klopová krabice FEFCO 0200 (495x455x580)mm 2.90 BC,,,0.0,,True,Papirova krabice pro BATMTwo Pro Stand cast 2,PROD-403,01tJ9000001BhBWIA0
B10,100,Papirova krabice pro BATMTwoC mala (prevozni),,V0000013713 klopová krabice FEFCO 0203 (410x340x280)mm 2.60 BC N2 lepená,,,0.0,,True,Papirova krabice pro BATMTwoC mala (prevozni),PROD-404,01tJ9000001BgjOIAS
B10.4,100,Papirova krabice pro BATMTwoC Stand cast 2,,V00000001681 klopova krabice FEFCO 0200 (435x407x580)mm 2.90 BC,,,0.0,,True,Papirova krabice pro BATMTwoC Stand cast 2,PROD-405,01tJ9000001BhPVIA0
B10.1,100,Papirova krabice pro BATMTwoC velka bez vyplne,,V0000003163 klopova krabice FEFCO 0203 (510x450x410)mm,,,0.0,,True,Papirova krabice pro BATMTwoC velka bez vyplne,PROD-406,01tJ9000001BhBSIA0
B10.12,100,Papirova krabice pro BATMTwoL mala (prevozni),,V0000015892 klopová krabice FEFCO 0203 (410x340x380)mm 2.90 BC lepená,,,0.0,,True,Papirova krabice pro BATMTwoL mala (prevozni),PROD-407,01tJ9000001BhNGIA0
B10.13,100,Papirova krabice pro BATMTwoL/P velka bez vyplne,,V0000002857 klopova krabice FEFCO 0203 (510x450x510)mm,,,0.0,,True,Papirova krabice pro BATMTwoL/P velka bez vyplne,PROD-408,01tJ9000001Bh6qIAC
B10.21,100,Papírová krabice pro GBSafe,,V0000028354 klopová krabice FEFCO 0200 (510x410x690)mm 2.90 BC lepená,,,0.0,,True,Papírová krabice pro GBSafe,PROD-409,01tJ9000001BhIqIAK
C33.4,100,Papirova krabice pro pribal pro batm3/batm4,,RPT15 25x20x10 cm,,,0.0,,True,Papirova krabice pro pribal pro batm3/batm4,PROD-410,01tJ9000001BhO9IAK
B10.2,100,Papirova krabicka na klice,,RPT00 60x43x35mm,,,0.0,,True,Papirova krabicka na klice,PROD-411,01tJ9000001BhG7IAK
C33,100,Papirovy proklad na batm3l/m/xl cast 1,,Z0000000364 proklad FEFCO 0901 (1630x1100)mm 2.90 BC,,,0.0,,True,Papirovy proklad na batm3l/m/xl cast 1,PROD-412,01tJ9000001BhNQIA0
C33.1,100,Papirovy proklad na batm3l/m/xl cast 2,,Z0000000365 - proklad FEFCO 0910 (1690x1100)mm 2.90 BC,,,0.0,,True,Papirovy proklad na batm3l/m/xl cast 2,PROD-413,01tJ9000001Bgj4IAC
C33.2,100,Papirovy proklad na batm3l/m/xl cast 3,,Z0000000366 - proklad FEFCO 0910 (1970x600)mm 2.90 BC,,,0.0,,True,Papirovy proklad na batm3l/m/xl cast 3,PROD-414,01tJ9000001BhPaIAK
C33.7,100,Papirovy proklad na batm3xxl (hlava proklad)cast 3,,"proklad FEFCO 0901 2480x590mm Ryly:620,620,620,620",,,0.0,,True,Papirovy proklad na batm3xxl (hlava proklad)cast 3,PROD-415,01tJ9000001BgmSIAS
C33.5,100,Papirovy proklad na batm3xxl (noha proklad)cast 1,,"proklad FEFCO 0901 2300x1120mm Ryly:510,640,510,640",,,0.0,,True,Papirovy proklad na batm3xxl (noha proklad)cast 1,PROD-416,01tJ9000001BhGSIA0
C33.6,100,Papirovy proklad na batm3xxl (noha)cast 2,,"proklad FEFCO 0901 2360x1120mm Ryly:525,655,525,655",,,0.0,,True,Papirovy proklad na batm3xxl (noha)cast 2,PROD-417,01tJ9000001BhOeIAK
C33.95,100,Papirovy proklad na batm4,,Původně: Z0000001771 vložka FEFCO 0914 (553x487x1631)mm 2.30 BC N2 nespojená,,,0.0,,True,Papirovy proklad na batm4,PROD-418,01tJ9000001BhCeIAK
C33.92,100,Papirovy proklad na polomelky bankomat (hlava proklad)cast 3,,Z0000001012 proklad FEFCO 0901 (2150x600)mm 2.90 BC,,,0.0,,True,Papirovy proklad na polomelky bankomat (hlava proklad)cast 3,PROD-419,01tJ9000001BhMrIAK
C33.9,100,Papirovy proklad na polomelky bankomat (noha proklad)cast 1,,Z0000001010 proklad FEFCO 0901 (1840x1080)mm 2.90 BC,,,0.0,,True,Papirovy proklad na polomelky bankomat (noha proklad)cast 1,PROD-420,01tJ9000001BhPfIAK
C33.91,100,Papirovy proklad na polomelky bankomat (noha)cast 2,,Z0000001011 proklad FEFCO 0901 (1900x1080)mm 2.90 BC,,,0.0,,True,Papirovy proklad na polomelky bankomat (noha)cast 2,PROD-421,01tJ9000001BhPkIAK
M13,100,PCB pro jack upgrade,,BATM_Jack PCBA,,,2.66,USD,True,PCB pro jack upgrade,PROD-422,01tJ9000001BhPpIAK
M14,100,PCB pro LED světlo do DNA,,Lift_LED,,,,,True,PCB pro LED světlo do DNA,PROD-423,01tJ9000001Bh4BIAS
M10,100,PCB pro naustek akceptoru,,PS3203V2r5,,,2.82,USD,True,PCB pro naustek akceptoru,PROD-424,01tJ9000001Bh3wIAC
M17,100,PCB pro ovládání lednice,,Peltier_driver_PCB,,,,,True,PCB pro ovládání lednice,PROD-425,01tJ9000001BhPRIA0
G14,100,Peltier,,Peltier,,,,,True,Peltier,PROD-426,01tJ9000001Bh8LIAS
C56.5,100,Petlice - MEI 252339003G4,,Lock latch,,,1.5,EUR,True,"Petlice - MEI 252339003G4 - ""šestka""",PROD-427,01tJ9000001BhMOIA0
B36,100,Plastovy naustek akceptoru,,Plastovy naustek akceptoru,,,0.0,,True,Plastovy naustek akceptoru,PROD-428,01tJ9000001Bh6rIAC
D8,100,Plechovy ram na RC KIT,,RC KIT.1,,,0.0,,True,Plechovy ram na RC KIT,PROD-429,01tJ9000001BhKXIA0
B11.2,100,Plexi 1 - BATMTwo Ultra plexi WiFi,,Plexi 1 - BATMTwo Ultra plexi WiFi,,,,,True,Plexi 1 - BATMTwo Ultra plexi WiFi,PROD-430,01tJ9000001BhJPIA0
B11.3,100,Plexi 2 - BATMTwo Ultra QR kamera,,Plexi 2 - BATMTwo Ultra QR kamera,,,,,True,Plexi 2 - BATMTwo Ultra QR kamera,PROD-431,01tJ9000001BhGlIAK
B11.4,100,Plexi 3 - BATMTwo Ultra - plexi na selfie kameru,,Plexi 3 - BATMTwo Ultra - plexi na selfie kameru,,,,,True,Plexi 3 - BATMTwo Ultra - plexi na selfie kameru,PROD-432,01tJ9000001Bge7IAC
C30,100,Plexi cire male wifi - velky bitcoin,,Plexi cire small wifi - big bitcoin,,,0.0,,True,Plexi cire male wifi - velky bitcoin,PROD-433,01tJ9000001Bh3OIAS
B11.1,100,"Plexi cire velke - 10"" na kameru",,"Large plexiglass - 10"" for camera",,,0.0,,True,"Plexi cire velke - 10"" na kameru",PROD-434,01tJ9000001BhCtIAK
B11,100,Plexi cire velke - maly bitcoin na kameru,,Plexiglass large - small bitcoin for camera,,,0.0,,True,Plexi cire velke - maly bitcoin na kameru,PROD-435,01tJ9000001BhPbIAK
C29,100,Plexi cire velke - velky bitcoin,,Plexi cire large - large bitcoin,,,0.0,,True,Plexi cire velke - velky bitcoin,PROD-436,01tJ9000001Bh8EIAS
B11.7,100,Plexi DNAmeter LED indikace,,"trojúhelník s drážkou, Plexi XT 8mm opál WO025",0,,,,True,Plexi DNAmeter LED indikace,PROD-437,01tJ9000001BhNaIAK
B12,100,Plexi frosted,,Plexi frosted,,,0.0,,True,Plexi frosted,PROD-438,01tJ9000001Bh6aIAC
C36,100,Plexi kourove selfie kamera,,Plexiglass smoke selfie camera,,,0.0,,True,Plexi kourove selfie kamera,PROD-439,01tJ9000001BhILIA0
B11.8,100,Plexi na selfie kameru pro GBSafe,,GBS-03-10-07.0,,,0.0,,True,Plexi na selfie kameru pro GBSafe,PROD-440,01tJ9000001BhOnIAK
D9,100,Plexi pro plechovou krabicku rckitu,,BCO-01-00-01.0 tl. 3mm mat: čiré plexi,,,0.0,,True,Plexi pro plechovou krabicku rckitu,PROD-441,01tJ9000001BhN2IAK
C64,100,plynova vzpera pro BATMFour,,16-2-294-262-A201-B201-150N/01615640A,,,13.0,EUR,True,plynova vzpera pro BATMFour,PROD-442,01tJ9000001BhPuIAK
E1,100,Pokladna - JP762A,,"JP762A with WiFi, BT, NFC, External Camera",,,275.0,USD,True,Pokladna - JP762A,PROD-443,01tJ9000001BgSBIA0
Y17,300,Polotovar kabinetu pro fotostojan,,Polotovar kabinetu pro fotostojan,,,,,True,Polotovar kabinetu pro fotostojan,PROD-444,01tJ9000001BhCQIA0
C22,100,Popisek klicu - Key Tag,,ETIC38J,,,0.0,,True,Popisek klicu - Key Tag,PROD-445,01tJ9000001BhHSIA0
Y19.1,300,Pribal BATMFour bez NFC,,Pribal BATMFour bez NFC,,,,,True,Pribal BATMFour bez NFC,PROD-446,01tJ9000001BhOAIA0
Y19,300,Pribal BATMFour s NFC,,Pribal BATMFour s NFC,,,,,True,Pribal BATMFour s NFC,PROD-447,01tJ9000001BhDMIA0
Y6.1,300,Pribal BATMThree SAFE bez NFC,,Pribal BATMThree SAFE bez NFC,,,,,True,Pribal BATMThree SAFE bez NFC,PROD-448,01tJ9000001Bh1qIAC
Y6,300,Pribal BATMThree SAFE s NFC,,Pribal BATMThree SAFE s NFC,,,,,True,Pribal BATMThree SAFE s NFC,PROD-449,01tJ9000001BhPzIAK
Y5.1,300,Pribal BATMThree STD bez NFC,,Pribal BATMThree STD bez NFC,,,,,True,Pribal BATMThree STD bez NFC,PROD-450,01tJ9000001BhMhIAK
Y5,300,Pribal BATMThree STD s NFC,,Pribal BATMThree STD s NFC,,,0.0,,True,Pribal BATMThree STD s NFC,PROD-451,01tJ9000001BhLUIA0
Y4,300,Pribal BATMTwo C,,Pribal BATMTwo C,,,,,True,Pribal BATMTwo C,PROD-452,01tJ9000001Bg8gIAC
Y4.1,300,Pribal BATMTwo L,,Pribal BATMTwo L,,,,,True,Pribal BATMTwo L,PROD-453,01tJ9000001BhB6IAK
Y4.2,300,Pribal BATMTwo P,,Pribal BATMTwo P,,,,,True,Pribal BATMTwo P,PROD-454,01tJ9000001BhLoIAK
Y4.3,300,Pribal BATMTwo R,,Pribal BATMTwo R,,,,,True,Pribal BATMTwo R,PROD-455,01tJ9000001BhQ4IAK
Y25.3,300,Pribal BATMTwo Ultra Coinflip,,Pribal BATMTwo Ultra Coinflip,,,,,True,Pribal BATMTwo Ultra Coinflip,PROD-456,01tJ9000001BhIMIA0
Y25.6,300,Pribal GB Safe,,Pribal GB Safe,,,,,True,Pribal GB Safe,PROD-457,01tJ9000001BhKNIA0
B32,100,Prichytka pro stahovaci pasky pod sroub,,656-037,,,0.0,,True,Prichytka pro stahovaci pasky pod sroub,PROD-458,01tJ9000001BgioIAC
B10.14,100,Proklad krabice pro BATMTwo Pro Stand cast 1,,Z0000001840 - proklad FEFCO 0901 (1840x1125)mm 2.90 BC,,,0.0,,True,Proklad krabice pro BATMTwo Pro Stand cast 1,PROD-459,01tJ9000001BhOsIAK
B10.3,100,Proklad krabice pro BATMTwoC Stand cast 1,,Z0000000330 - proklad FEFCO 0901 (1654x1125)mm 2.90 BC,,,0.0,,True,Proklad krabice pro BATMTwoC Stand cast 1,PROD-460,01tJ9000001Bh8MIAS
B10.17,100,Proklad pro BATMTwo Ultra,,Z0000005383 - proklad FEFCO 0901 (1720x1400)mm 2.90 BC X9 505/355/505/355,,,0.0,,True,Proklad pro BATMTwo Ultra,PROD-461,01tJ9000001BhQ9IAK
B33,100,Pruzinka,,"Pružina tlačná válcová 0,50x9,5x9,5x4 obrobeno",,,0.0,,True,Pruzinka,PROD-462,01tJ9000001BgSCIA0
B22,100,Pytel LDPE 70x110 - 100mi - BATM2C,,"05.100510 - Pytel 700x1100, 100mi, transparent, LDPE/R",,,0.0,,True,Pytel LDPE 70x110 - 100mi - BATM2C,PROD-463,01tJ9000001BhMPIA0
C20,100,Pytel na automat batm3L/M/XL,,PE Pytel 1100x2000x0.100 mm,,,0.0,,True,Pytel na automat batm3L/M/XL,PROD-464,01tJ9000001BhO6IAK
C19,100,pytel na pisek,,230716 PP pytel 60*130 cm,,,0.0,,True,pytel na pisek,PROD-465,01tJ9000001BhQEIA0
B22.2,100,"Pytel plochý PE 1000x1500/0,10 RC - Ultra",,Kód produktu: PYPE 1000 1500 100,,,,,True,"Pytel plochý PE 1000x1500/0,10 RC - Ultra",PROD-466,01tJ9000001BhHTIA0
B22.1,100,"Pytel plochý PE 800x1200/0,10 RC - BATM2 L/P",,Kód produktu: PYPE 800 1200 100,,,0.0,,True,"Pytel plochý PE 800x1200/0,10 RC - BATM2 L/P",PROD-467,01tJ9000001Bh9iIAC
B22.3,100,"Pytel plochý PE polyetylénový 1000x700/0,1 - GBSafe",,PYPE 1000 700 100,0,,,,True,"Pytel plochý PE polyetylénový 1000x700/0,1 - GBSafe",PROD-468,01tJ9000001BgsYIAS
S14,200,Pytlik se zipem na pribal BATMTwo,,RGP67,,,0.0,,True,Pytlik se zipem na pribal BATMTwo,PROD-469,01tJ9000001BhQJIA0
A6,100,Ramecek AKAREL7 cast vnejsi,,Frame AKAREL7 part outside,,,0.0,,True,Ramecek AKAREL7 cast vnejsi,PROD-470,01tJ9000001BhDNIA0
A6.1,100,Ramecek AKAREL7 cast vnitrni,,Frame AKAREL7 internal part,,,0.0,,True,Ramecek AKAREL7 cast vnitrni,PROD-471,01tJ9000001Bh2XIAS
M11,100,Raspberry Pi3 model B,,Kód: RK100a4,,,0.0,,True,Raspberry Pi3 model B,PROD-472,01tJ9000001Bh3JIAS
G3,100,redukce k GSM antene,,A500001879,,,0.0,,True,redukce k GSM antene,PROD-473,01tJ9000001BhPcIAK
C44,100,"Redukce USB k egalax 23"" touch controlleru",,"Redukce USB k egalax 23"" touch controlleru",,,4.0,USD,True,"Redukce USB k egalax 23"" touch controlleru",PROD-474,01tJ9000001BhKnIAK
B26.1,100,Rezervovano,,Rezervovano,,,,,True,Rezervovano,PROD-475,01tJ9000001BhJUIA0
C6,100,RGB LED NEON controller,,MA004855:MA004855 -Controller LED Trinity/DUO,,,0.0,,True,RGB LED NEON controller,PROD-476,01tJ9000001BhIGIA0
B49,100,Rotary Latch Series 100,,Rotary latch 100,,,,,True,Rotary Latch Series 100,PROD-477,01tJ9000001BgsAIAS
B18.33,100,Samolepka - instrukce k el. zamku,,Samolepka - instrukce k el. zámku,,,0.0,,True,Samolepka - instrukce k el. zamku,PROD-478,01tJ9000001Bg3WIAS
B18.18,100,Samolepka - kapsle s barvou pro BATM2,,Samolepka - kapsle s barvou pro BATM2,,,0.0,,True,Samolepka - kapsle s barvou pro BATM2,PROD-479,01tJ9000001BhE0IAK
B18.17,100,Samolepka - kapsle s barvou pro BATM3,,Samolepka - kapsle s barvou pro BATM3,,,0.0,,True,Samolepka - kapsle s barvou pro BATM3,PROD-480,01tJ9000001BhEzIAK
B18.16,100,Samolepka - sledovani 24/7,,Samolepka - sledovani 24/7,,,0.0,,True,Samolepka - sledovani 24/7,PROD-481,01tJ9000001BhG2IAK
B18.36,100,Samolepka - zapojeni USB - BATM2 (polep),,Samolepka - zapojení USB - BATM2,,,,,True,Samolepka - zapojeni USB - BATM2 (polep),PROD-482,01tJ9000001BhHUIA0
B18.32,100,Samolepka - zapojeni USB - BATM3/4,,Samolepka - zapojení USB - BATM3/4,,,0.0,,True,Samolepka - zapojeni USB - BATM3/4,PROD-483,01tJ9000001Bh9pIAC
B18.44,100,Samolepka - zapojeni USB - GBSafe,,Samolepka - zapojeni USB - GBSafe,,,0.0,,True,Samolepka - zapojeni USB - GBSafe,PROD-484,01tJ9000001BhDOIA0
B18.30,100,"Samolepka ""Akceptor 1200""",,"Samolepka ""Akceptor 1200 - Acceptor 1200""",,,0.0,,True,"Samolepka ""Akceptor 1200""",PROD-485,01tJ9000001BgncIAC
B18.29,100,"Samolepka ""Akceptor 600""",,"Samolepka ""Akceptor 600 - Acceptor 600""",,,0.0,,True,"Samolepka ""Akceptor 600""",PROD-486,01tJ9000001BhCaIAK
B18.28,100,"Samolepka ""Bez akceptoru""",,"Samolepka ""Bez akceptoru - Without acceptor""",,,0.0,,True,"Samolepka ""Bez akceptoru""",PROD-487,01tJ9000001BhQ0IAK
B18.26,100,"Samolepka ""Bez tiskárny""",,"Samolepka ""Bez tiskárny - Without printer""",,,0.0,,True,"Samolepka ""Bez tiskárny""",PROD-488,01tJ9000001BhHIIA0
B18.31,100,"Samolepka ""Pro Coinflip""",,"Samolepka ""Pro Coinflip - For Coinflip""",,,0.0,,True,"Samolepka ""Pro Coinflip""",PROD-489,01tJ9000001BgyTIAS
B18.27,100,"Samolepka ""S tiskárnou""",,"Samolepka ""S tiskárnou - With printer""",,,0.0,,True,"Samolepka ""S tiskárnou""",PROD-490,01tJ9000001BhJVIA0
B18.3,100,Samolepka $ CASH,,Samolepka $ CASH,,,0.0,,True,Samolepka $ CASH,PROD-491,01tJ9000001BhQOIA0
B18.14,100,Samolepka BATM3 sada,,bitcoin atm arch,3,EUR,0.0,,True,Samolepka BATM3 sada,PROD-492,01tJ9000001BhA7IAK
B18.20,100,Samolepka BATM4 sada,,bitcoin atm arch 2,,,0.0,,True,Samolepka BATM4 sada,PROD-493,01tJ9000001BhB7IAK
B18.15,100,Samolepka BATMTwo do pribalu,,"General Bytes - ""bitcoin ATM"" - MODRÁ",,,0.0,,True,Samolepka BATMTwo do pribalu,PROD-494,01tJ9000001BhQTIA0
B18.25,100,"Samolepka BITCOIN ATM 10"" (polep)",,"General Bytes - ""bitcoin ATM"" - nová",,,0.0,,True,"Samolepka BITCOIN ATM 10"" (polep)",PROD-495,01tJ9000001BhQYIA0
B18,100,"Samolepka BITCOIN ATM 7""",,"General Bytes - ""bitcoin ATM"" - stará",,,0.0,,True,"Samolepka BITCOIN ATM 7""",PROD-496,01tJ9000001BhQdIAK
B18.37,100,Samolepka BITCOIN ATM Ultra,,"General Bytes - ""bitcoin ATM"" - Ultra",,,0.0,,True,Samolepka BITCOIN ATM Ultra,PROD-497,01tJ9000001BhAMIA0
B18.5,100,Samolepka BTC accepted here,,Samolepka BTC accepted here,,,0.0,,True,Samolepka BTC accepted here,PROD-498,01tJ9000001BhBlIAK
B18.35,100,Samolepka BTC lightning accepted here,,Samolepka BTC lightning accepted here,,,0.0,,True,Samolepka BTC lightning accepted here,PROD-499,01tJ9000001BgWAIA0
B18.34,100,Samolepka BTC lightning sold here,,Samolepka BTC lightning sold here,,,0.0,,True,Samolepka BTC lightning sold here,PROD-500,01tJ9000001BgxNIAS
B18.4,100,Samolepka BTC sold here,,Samolepka BTC sold here,,,0.0,,True,Samolepka BTC sold here,PROD-501,01tJ9000001BhQiIAK
B18.2,100,Samolepka CASH (polep),,Samolepka CASH (polep),,,0.0,,True,Samolepka CASH (polep),PROD-502,01tJ9000001BhNHIA0
B18.62,100,Samolepka DNAmeter modra (polep),,"General Bytes - ""DNAmeter"" - 41x15mm",0,,,,True,Samolepka DNAmeter modra (polep),PROD-503,01tJ9000001BhO7IAK
B18.40,100,Samolepka Dollar Ultra,,"General Bytes - ""Dollar"" - Ultra",,,0.0,,True,Samolepka Dollar Ultra,PROD-504,01tJ9000001BhQFIA0
B18.12,100,Samolepka FRAGILE,,Samolepka FRAGILE,,,0.0,,True,Samolepka FRAGILE,PROD-505,01tJ9000001BhIRIA0
B18.6,100,Samolepka GB ATM modra,,"General Bytes - ""GB bitcoin ATM"" - 41x15mm",,,0.0,,True,Samolepka GB ATM modra,PROD-506,01tJ9000001BhQnIAK
B18.61,100,Samolepka GBSafe modra (polep),,"General Bytes - ""GB GBSafe"" - 41x15mm",0,,,,True,Samolepka GBSafe modra (polep),PROD-507,01tJ9000001BgndIAC
B18.43,100,Samolepka GMKit pruhledna,,Samolepka GMKit pruhledna,,,,,True,Samolepka GMKit pruhledna,PROD-508,01tJ9000001BhP7IAK
B18.7,100,Samolepka NFC cerna,,NFC samolepka “69.9 x 37.4 mm – obdélník“ - s potiskem (logo NFC),,,0.0,,True,Samolepka NFC cerna,PROD-509,01tJ9000001BgFJIA0
B18.24,100,Samolepka NFC cerna - bez potisku,,Samolepka “69.9 x 37.4 mm – obdélník“ - bez potisku,,,0.0,,True,Samolepka NFC cerna - bez potisku,PROD-510,01tJ9000001BhFmIAK
B18.42,100,Samolepka Otisk prstu Ultra,,"General Bytes - ""Fingerprint"" - Ultra",,,0.0,,True,Samolepka Otisk prstu Ultra,PROD-511,01tJ9000001BhQsIAK
B18.1,100,Samolepka QR code (polep),,Samolepka QR code (polep),,,0.0,,True,Samolepka QR code (polep),PROD-512,01tJ9000001Bh9yIAC
B18.38,100,Samolepka QR code Ultra,,"General Bytes - ""QR code"" - Ultra",,,0.0,,True,Samolepka QR code Ultra,PROD-513,01tJ9000001BhHiIAK
B18.39,100,Samolepka sipky Ultra,,"General Bytes - ""arrows"" - Ultra",,,0.0,,True,Samolepka sipky Ultra,PROD-514,01tJ9000001BhQZIA0
B18.13,100,Samolepka TOP,,Samolepka THIS WAY UP,,,0.0,,True,Samolepka TOP,PROD-515,01tJ9000001BhQxIAK
B18.41,100,Samolepka Uctenka Ultra,,"General Bytes - ""Receipt"" - Ultra",,,0.0,,True,Samolepka Uctenka Ultra,PROD-516,01tJ9000001BgHKIA0
C1,100,"Samsung LCD Display 23""",,LTM230HL08,,,100.0,USD,True,"Samsung LCD Display 23""",PROD-517,01tJ9000001BhR2IAK
B7,100,Schurter filter DC12.5102.001,,DC12.5102.001,,,10.84,EUR,True,Schurter filter DC12.5102.001,PROD-518,01tJ9000001BhImIAK
B20,100,SecuGen Hamster IV - ctecka otisku,,SecuGen Hamster IV - fingerprint reader,,,84.0,USD,True,SecuGen Hamster IV - ctecka otisku,PROD-519,01tJ9000001BhOTIA0
C69,100,Sedy valecek do kazety dispenzeru,,PN: 520-053-0544 - Grey rolls for cash cassettes,,,11.0,USD,True,Sedy valecek do kazety dispenzeru,PROD-520,01tJ9000001BhR7IAK
Y13.1,300,Sestaveny zelezny kabinet pro BATM3JUMBO,,Sestavený kabinet DNA Meter,,,0.0,,True,Sestavený kabinet DNA Meter,PROD-521,01tJ9000001BgYGIA0
Y12,300,Sestaveny zelezny kabinet pro BATM3L/M/XL se zamky,,Sestaveny zelezny kabinet pro BATM3JUMBO,,,0.0,,True,Sestaveny zelezny kabinet pro BATM3JUMBO,PROD-522,01tJ9000001Bh5PIAS
Y13,300,Sestaveny zelezny kabinet pro BATM3XXL se zamky,,Assembled iron cabinet for BATM3L/M/XL with locks,,,0.0,,True,Sestaveny zelezny kabinet pro BATM3L/M/XL se zamky,PROD-523,01tJ9000001BgJ1IAK
Y18,300,Sestaveny zelezny kabinet pro BATMFour,,Assembled iron cabinet for BATM3XXL with locks,,,,,True,Sestaveny zelezny kabinet pro BATM3XXL se zamky,PROD-524,01tJ9000001Bh6jIAC
Y14,300,Sestaveny zelezny kabinet pro BATMTwoC se zamky,,Sestaveny zelezny kabinet pro BATMFour,,,0.0,,True,Sestaveny zelezny kabinet pro BATMFour,PROD-525,01tJ9000001BhRCIA0
Y15,300,Sestaveny zelezny kabinet pro BATMTwoL se zamky,,Sestaveny zelezny kabinet pro BATMTwoC se zamky,,,,,True,Sestaveny zelezny kabinet pro BATMTwoC se zamky,PROD-526,01tJ9000001BhOaIAK
Y12.1,300,Sestaveny zelezny kabinet pro polomelky BATM3L/M/XL se zamky,,Sestaveny zelezny kabinet pro BATMTwoL se zamky,,,0.0,,True,Sestaveny zelezny kabinet pro BATMTwoL se zamky,PROD-527,01tJ9000001Bh9jIAC
C3.3,100,Shutter unit pro F56 dispenser,,Assembled iron cabinet for half-mills BATM3L/M/XL with locks,,,1189.0,EUR,True,Sestaveny zelezny kabinet pro polomelky BATM3L/M/XL se zamky,PROD-528,01tJ9000001BhRHIA0
G5,100,Sirena do alarmu,,580-021-2881 F56 SHUTTER ASSY,,,0.0,,True,Shutter unit pro F56 dispenser,PROD-529,01tJ9000001BhRMIA0
S22,200,"Smrstovaci buzirka tenka, sirka 16mm",,640-009,,,0.0,,True,Sirena do alarmu,PROD-530,01tJ9000001BgneIAC
X15,100,SNG inside doors for BATMTwoClassic,,KSS HS-15BK - (smrstovaci buzirk 16mm),,,0.0,,True,"Smrstovaci buzirka tenka, sirka 16mm",PROD-531,01tJ9000001Bh88IAC
C35,100,Spiral. buzirka mala (m),,Dvířka s el. zámkem - BATM2C,,,0.0,,True,SNG inside doors for BATMTwoClassic,PROD-532,01tJ9000001BgvjIAC
C32,100,Spiral. buzirka velka (m),,BFST-8-BK (GST-8B) (role 10m),,,0.0,,True,Spiral. buzirka mala (m),PROD-533,01tJ9000001BhQtIAK
C24,100,Sroubovak krizovy TO-60921,,BFST-15-BK (GST-15B) (role 10m),,,0.0,,True,Spiral. buzirka velka (m),PROD-534,01tJ9000001Bh4tIAC
B14,100,Srouby do zdi,,Šroubovák křížový krátký 1 x 38 mm (118215),,,0.0,,True,Sroubovak krizovy TO-60921,PROD-535,01tJ9000001BhJ9IAK
A12,100,Stepdown - 12V/24V na 5V 10A,,VR.DŘ. 6HR 6x80 Pz - kód produktu: 233,,,3.28,USD,True,Srouby do zdi,PROD-536,01tJ9000001BhRRIA0
S24.1,200,"Stretch folie mala - prirucni, 1m",,"B10-1224-05 - 12V 24V TO 5V 10A DC DC CONVERTER, 50 WATT",,,0.0,,True,Stepdown - 12V/24V na 5V 10A,PROD-537,01tJ9000001BhQ5IAK
S24,200,Stretch folie velka,,KFED23150 - 150m Sada 20 rolí průhledné napínací mini fólie 100 mm RAJASTRETCH Eco,,,0.0,,True,"Stretch folie mala - prirucni, 1m",PROD-538,01tJ9000001BhINIA0
S24.2,200,Stretch folie velka - dlouha,,FEB0615 Pruhl. rucni napin. folie s. 500mm 150m,,,0.0,,True,Stretch folie velka,PROD-539,01tJ9000001BhOUIA0
B41.1,100,Striker pro Series 400 dual monitoring,,FEB06 Pruhl. rucni napin. folie s. 500mm 300m,,,3.25,EUR,True,Stretch folie velka - dlouha,PROD-540,01tJ9000001Bh9VIAS
Y24,300,Temer kompletni BATMTwo Ultra P pro BNR,,8520152 Striker pin for Series 400 with magnet,,,,,True,Striker pro Series 400 dual monitoring,PROD-541,01tJ9000001BgufIAC
Y24.5,300,Temer kompletni BATMTwo Ultra P pro BNR pro Coinflip/Local Coin,,Temer kompletni BATMTwo Ultra P pro BNR,,,,,True,Temer kompletni BATMTwo Ultra P pro BNR,PROD-542,01tJ9000001BhRWIA0
Y24.4,300,Temer kompletni BATMTwo Ultra P pro SCN,,Temer kompletni BATMTwo Ultra P pro BNR pro Coinflip/Local Coin,,,,,True,Temer kompletni BATMTwo Ultra P pro BNR pro Coinflip/Local Coin,PROD-543,01tJ9000001BhRbIAK
Y24.2,300,Temer kompletni BATMTwo Ultra P pro SCR,,Temer kompletni BATMTwo Ultra P pro SCN,,,,,True,Temer kompletni BATMTwo Ultra P pro SCN,PROD-544,01tJ9000001BgWqIAK
Y24.1,300,Temer kompletni BATMTwo Ultra R pro BNR,,Temer kompletni BATMTwo Ultra P pro SCR,,,,,True,Temer kompletni BATMTwo Ultra P pro SCR,PROD-545,01tJ9000001BgrvIAC
Y24.3,300,Temer kompletni BATMTwo Ultra R pro SCN a SCR,,Temer kompletni BATMTwo Ultra R pro BNR,,,,,True,Temer kompletni BATMTwo Ultra R pro BNR,PROD-546,01tJ9000001BhRgIAK
Y14.5,300,Temer kompletni BATMTwoC MAX se zamky a elektronikou,,Temer kompletni BATMTwo Ultra R pro SCN a SCR,,,,,True,Temer kompletni BATMTwo Ultra R pro SCN a SCR,PROD-547,01tJ9000001BhPdIAK
Y14.6,300,Temer kompletni BATMTwoL MAX se zamky a elektronikou,,Temer kompletni BATMTwoC MAX se zamky a elektronikou,,,,,True,Temer kompletni BATMTwoC MAX se zamky a elektronikou,PROD-548,01tJ9000001BhRlIAK
Y14.9,300,Temer kompletni BATMTwoP MAX pro BNR se zamky a elektronikou,,Temer kompletni BATMTwoL MAX se zamky a elektronikou,,,,,True,Temer kompletni BATMTwoL MAX se zamky a elektronikou,PROD-549,01tJ9000001BhA4IAK
Y14.7,300,Temer kompletni BATMTwoP MAX se zamky a elektronikou,,Temer kompletni BATMTwoP MAX pro BNR se zamky a elektronikou,,,,,True,Temer kompletni BATMTwoP MAX pro BNR se zamky a elektronikou,PROD-550,01tJ9000001BhIHIA0
Y14.8,300,Temer kompletni BATMTwoR MAX se zamky a elektronikou,,Temer kompletni BATMTwoP MAX se zamky a elektronikou,,,,,True,Temer kompletni BATMTwoP MAX se zamky a elektronikou,PROD-551,01tJ9000001Bgf2IAC
Y14.4,300,Temer kompletni BATMTwoR se zamky a elektronikou,,Temer kompletni BATMTwoR MAX se zamky a elektronikou,,,,,True,Temer kompletni BATMTwoR MAX se zamky a elektronikou,PROD-552,01tJ9000001BhRSIA0
Y25.4,300,Téměř kompletní GBSafe,,Temer kompletni BATMTwoR se zamky a elektronikou,,,,,True,Temer kompletni BATMTwoR se zamky a elektronikou,PROD-553,01tJ9000001BhLuIAK
Y25.5,300,Téměř kompletní GBSafe /Coinflip/,,Téměř kompletní GBSafe,,,,,True,Téměř kompletní GBSafe,PROD-554,01tJ9000001BhOoIAK
G11,100,Teploměr,,Téměř kompletní GBSafe /Coinflip/,,,,,True,Téměř kompletní GBSafe /Coinflip/,PROD-555,01tJ9000001BhR8IAK
C5.1,100,"Thermal printer 3"" EP800",,DS18B20,,,122.0,EUR,True,Teploměr,PROD-556,01tJ9000001BhHFIA0
C5.2,100,"Thermal printer 3"" EP802-TM (tiskarna)",,23101019 EP800-TM 80MM THERMAL PRINTER USB/RS232 BLUE,220,USD,125.0,EUR,True,"Thermal printer 3"" EP800",PROD-557,01tJ9000001BhRqIAK
S27,200,Tiltwatch Plus - Detekce naklonu - 79TWP,,"23101110 = EP802-TM(0A) ANTI-DRAG W/USB IMP F/W: ""2017 FONT-ALL"" N/E_MS_EP802_TM_A3_200325 CENTRE LE",,,0.0,,True,"Thermal printer 3"" EP802-TM (tiskarna)",PROD-558,01tJ9000001BgliIAC
F5,100,Tlumic na BNR,,79TWP - Tiltwatch Plus,,,0.0,,True,Tiltwatch Plus - Detekce naklonu - 79TWP,PROD-559,01tJ9000001BhObIAK
C64.1,100,tlumič pro BATMTwo Ultra,,Gas lift for BNR,77,USD,0.0,,True,tlumič pro BATMTwo Ultra,PROD-560,01tJ9000001BhMcIAK
C12,100,"Touch panel 3M touch 23""",,"31132307S 98-003-3412-2 FLATSCREEN 23.6"" WIDE W/O Controller - glass only",,,103.0,EUR,True,"Touch panel 3M touch 23""",PROD-561,01tJ9000001BhRhIAK
A2.2,100,"Touch panel 7"" FN070A045-V1.0",,FN070A045-V1.0 no black glack paint cover glass with cypress chip,,,24.0,USD,True,"Touch panel 7"" FN070A045-V1.0",PROD-562,01tJ9000001BggAIAS
A2.1,100,"Touch panel 7"" FN070AV01-V1.0",,FN070AV01-V1.0 - with SSD Chip,,,27.0,USD,True,"Touch panel 7"" FN070AV01-V1.0",PROD-563,01tJ9000001BhRvIAK
C12.2,100,Touch panel pro BATMFour,,FN230A001-V1.0,420,USD,150.4,USD,True,Touch panel pro BATMFour,PROD-564,01tJ9000001BhKoIAK
G12,100,Trychtyr pro odvod kondenzatu,,Funnel_Plastic_31x18mm:1,,,,,True,Trychtyr pro odvod kondenzatu,PROD-565,01tJ9000001BhJWIA0
B50,100,TULIP Úchytka Marina 128 nerez broušený,,TULIP Úchytka Marina 128 nerez broušený,,,,,True,TULIP Úchytka Marina 128 nerez broušený,PROD-566,01tJ9000001BhHjIAK
B47.2,100,Upgrade plate for Valina card reader - BATMFour,,Výkres BCB19-03-01-80.1,60,USD,,,True,Upgrade plate for Valina card reader - BATMFour,PROD-567,01tJ9000001BhJAIA0
Y21.1,300,USB Dongle,,USB Dongle,90,USD,,,True,USB Dongle,PROD-568,01tJ9000001BhFbIAK
M9,100,USB Dongle PCB,,PCBA board PS3240V4r7,70,USD,8.74,USD,True,USB Dongle PCB,PROD-569,01tJ9000001BhIOIA0
C9,100,USB Kabel A-B k touch screenu,,"ku2ab05 PremiumCord Kabel USB 2.0, A-B, 0.5m",,,0.0,,True,USB Kabel A-B k touch screenu,PROD-570,01tJ9000001BgyfIAC
A1.3.2,100,"USB kabel k 10"" displeji",,E17101003000R,,,4.5,USD,True,"USB kabel k 10"" displeji",PROD-571,01tJ9000001Bh3xIAC
G9,100,USB pinheader redukce,,(309823) Delock kabel USB 2.0 A samice na pinový konektor,,,0.0,,True,USB pinheader redukce,PROD-572,01tJ9000001BgugIAC
B38.1,100,"USB prodlužovací kabel A-A, 1,5m",,kód: VENTf70,,,0.0,,True,"USB prodlužovací kabel A-A, 1,5m",PROD-573,01tJ9000001Bh8TIAS
B38,100,"USB prodlužovací kabel A-A, 1m",,kód: kupaa1bk,,,,,True,"USB prodlužovací kabel A-A, 1m",PROD-574,01tJ9000001BhS0IAK
D7,100,USB to RS232 kabel - Adapter AXAGON ADS-1PS k cash dispenseru,,ADS-1PS - USB to RS232 kabel,,,0.0,,True,USB to RS232 kabel - Adapter AXAGON ADS-1PS k cash dispenseru,PROD-575,01tJ9000001BgljIAC
D7.1,100,USB to RS232 kabel -AXAGON USB2.0 - RS-232 FTDI pro GMKit,,ADS-1PQ - USB to RS232 kabel,,,,,True,USB to RS232 kabel -AXAGON USB2.0 - RS-232 FTDI pro GMKit,PROD-576,01tJ9000001BhS5IAK
A1.5,100,USB-C 2m,,"PremiumCord Kabel USB-C/M - USB 2.0 A/M, rychlé nabíjení proudem 3A, 2m",,,,,True,USB-C 2m,PROD-577,01tJ9000001BgnfIAC
G17,100,větrák 120x120 12V PMW 0.10 A,,větrák 120x120 12V PMW 0.10 A,,,,,True,větrák 120x120 12V PMW 0.10 A,PROD-578,01tJ9000001BhSAIA0
G13.1,100,Větrák 50x50mm,,Fan 50x50 - Sunon,,,,,True,Větrák 50x50mm,PROD-579,01tJ9000001Bh89IAC
B10.9,100,Vostina dlouha,,"Voština 450x280x60 mm (DxŠxV), oko 15mm",,,0.0,,True,"Vostina dlouha  450x280x60 mm (DxŠxV), oko 15mm",PROD-580,01tJ9000001Bh7EIAS
B10.10,100,Vostina dlouha nudle,,"Voština 100x450x60 mm (DxŠxV), oko 15mm",,,0.0,,True,Vostina dlouha nudle 100x450x60 mm,PROD-581,01tJ9000001BhGFIA0
B10.19,100,Vostina do krabice pro GMKit 4ks,,"Voština 350x120x60 mm (DxŠxV), oko 15mm",,,0.0,,True,Vostina do krabice pro GMKit 4ks,PROD-582,01tJ9000001BhSFIA0
B10.6,100,Vostina do krabice stojanu,,"Voština 410x390x30 mm (DxŠxV), oko 15mm",,,0.0,,True,Vostina do krabice stojanu,PROD-583,01tJ9000001BhJ0IAK
B10.16,100,Vostina do krabice stojanu Pro,,"Voština 470x430x30 mm (DxŠxV), oko 15mm",,,0.0,,True,Vostina do krabice stojanu Pro,PROD-584,01tJ9000001BhSKIA0
B10.8,100,Vostina kratka,,"Voština 390x280x60 mm (DxŠxV), oko 15mm",,,0.0,,True,"Vostina kratka 390x280x60 mm (DxŠxV), oko 15mm",PROD-585,01tJ9000001BhNbIAK
B10.11,100,Vostina kratka nudle,,"Voština 100x390x60 mm (DxŠxV), oko 15mm",,,0.0,,True,Vostina kratka nudle  100x390x60 mm,PROD-586,01tJ9000001Bh8pIAC
B10.7,100,Vostina velka,,"Voština 510x450x60 mm (DxŠxV), oko 15mm",,,0.0,,True,"Vostina velka  510x450x60 mm (DxŠxV), oko 15mm",PROD-587,01tJ9000001BhA8IAK
C37,100,Vydavac karet / card dispenser,,Card dispenser version: C571_V10_A_101018,,,306.0,USD,True,Vydavac karet / card dispenser,PROD-588,01tJ9000001BhSPIA0
Y25,300,Vyrobeny kabinet pro Ultra P/R BNR,,Vyrobeny kabinet pro Ultra P/R BNR/BNR,,,,,True,Vyrobeny kabinet pro Ultra P/R BNR,PROD-589,01tJ9000001BhIIIA0
Y25.1,300,Vyrobeny kabinet pro Ultra P/R BNR (Coinflip/Local Coin),,Coinflip,,,,,True,Vyrobeny kabinet pro Ultra P/R BNR (Coinflip/Local Coin),PROD-590,01tJ9000001BhSUIA0
Y25.2,300,Vyrobeny kabinet pro Ultra P/R SCN a SCR,,Vyrobeny kabinet pro Ultra P/R SCN a SCR,,,,,True,Vyrobeny kabinet pro Ultra P/R SCN a SCR,PROD-591,01tJ9000001BhMsIAK
C21,100,Vysouseci sacek,,"SD4U - vysouseci sacky 4 15x9,5cm - 150ks",,,0.0,,True,Vysouseci sacek,PROD-592,01tJ9000001BhJYIA0
B21,100,WiFi ANTENNA Ext.,,Mouser 538-146153-0250 - wifi antena,,,0.0,,True,WiFi ANTENNA Ext.,PROD-593,01tJ9000001BhSZIA0
H4,100,Zahnuty napajeci kabel - pro fotostojan,,kpsp2-90,,,0.0,,True,Zahnuty napajeci kabel - pro fotostojan,PROD-594,01tJ9000001BgzWIAS
H3,100,Zahnuty USB A-B - pro fotostojan,,ku2ab2-90,,,0.0,,True,Zahnuty USB A-B - pro fotostojan,PROD-595,01tJ9000001BhR3IAK
B3,100,Zamek - Octagon T8 25mm vcetne dvou klicu,,Lock 25mm Octagon Ten Pin,,,9.36,EUR,True,Zamek - Octagon T8 25mm vcetne dvou klicu,PROD-596,01tJ9000001BhGUIA0
B4,100,Zamek - Octagon T8 kratky vcetne dvou klicu,,Lock 18mm Octagon Ten Pin,,,10.4,EUR,True,Zamek - Octagon T8 kratky vcetne dvou klicu,PROD-597,01tJ9000001BhLCIA0
B3.2,100,Zamek - Serie 58 25mm vcetne dvou klicu (PRO COINFLIP),,Lock - Serie 58 25mm including two keys (for coinflip),,,9.48,EUR,True,Zamek - Serie 58 25mm vcetne dvou klicu (PRO COINFLIP),PROD-598,01tJ9000001BhInIAK
B3.3,100,Zamek - Serie 58 25mm vcetne dvou klicu (PRO LOCALCOIN),,Lock - Series 58 25mm including two handles (FOR LOCALCOIN),,,9.48,EUR,True,Zamek - Serie 58 25mm vcetne dvou klicu (PRO LOCALCOIN),PROD-599,01tJ9000001BhOpIAK
B4.1,100,Zamek - STC kratky - na cashboxy,,Lock for MEI cashbox,,,0.0,,True,Zamek - STC kratky - na cashboxy,PROD-600,01tJ9000001Bh3mIAC
C46,100,Zamek elektronicky,,Electronic lock,45,USD,31.85,EUR,True,Zamek elektronicky,PROD-601,01tJ9000001Bg3XIAS
C58,100,Zamek s packou pro bill dispenser kazetu,,Lock for Bill Dispenser cassette,6,EUR,4.33,EUR,True,Zamek s packou pro bill dispenser kazetu,PROD-602,01tJ9000001Bh7pIAC
B25,100,Zapadka na cashbox - Latch,,Latch for Cashbox,5,USD,0.12,EUR,True,Zapadka na cashbox - Latch,PROD-603,01tJ9000001BgxOIAS
B35,100,Zaslepka akceptoru,,Banknote acceptor cover plate,4.5,USD,0.0,,True,Zaslepka akceptoru,PROD-604,01tJ9000001BhJFIA0
B27,100,Zaslepka mala pro BATMTwo (v cene kabinetu),,Zaslepka mala pro BATMTwo (v cene kabinetu),,,0.0,,True,Zaslepka mala pro BATMTwo (v cene kabinetu),PROD-605,01tJ9000001BhSeIAK
B28,100,Zaslepka velka pro BATMTwo (v cene kabinetu),,Zaslepka velka pro BATMTwo (v cene kabinetu),,,0.0,,True,Zaslepka velka pro BATMTwo (v cene kabinetu),PROD-606,01tJ9000001BhHGIA0
C59,100,Zatavovaci folie,,"Fólie bariérová ALU PLL 128 1500/100m, PET 15my+ALU 12my+HD/LLDPE",,,0.0,,True,Zatavovaci folie,PROD-607,01tJ9000001BhAdIAK
C18,100,Zdroj 5V/4A pro LED NEON,,5V/4A source for LED NEON,13,USD,0.0,,True,Zdroj 5V/4A pro LED NEON,PROD-608,01tJ9000001BhRrIAK
B19,100,Zelezny kabinet pro BATM2C,,Zelezny kabinet pro BATM2C,,,0.0,,True,Zelezny kabinet pro BATM2C,PROD-609,01tJ9000001BhG3IAK
B19.4,100,Zelezny kabinet pro BATM2C MAX,,"Kabinet pro malý, mělký automat, 10""",,,0.0,,True,Zelezny kabinet pro BATM2C MAX,PROD-610,01tJ9000001BhSjIAK
B19.1,100,Zelezny kabinet pro BATM2L,,"Kabinet pro malý, hluboký automat",,,0.0,,True,Zelezny kabinet pro BATM2L,PROD-611,01tJ9000001BhKYIA0
B19.5,100,Zelezny kabinet pro BATM2L MAX,,"Kabinet pro malý, hluboký automat, 10""",,,,,True,Zelezny kabinet pro BATM2L MAX,PROD-612,01tJ9000001BhS6IAK
B19.2,100,Zelezny kabinet pro BATM2P,,"Kabinet pro malý, hluboký automat bez akceptoru",,,0.0,,True,Zelezny kabinet pro BATM2P,PROD-613,01tJ9000001Bh9kIAC
B19.6,100,Zelezny kabinet pro BATM2P MAX,,"Kabinet pro malý, hluboký automat bez akceptoru, 10""",,,0.0,,True,Zelezny kabinet pro BATM2P MAX,PROD-614,01tJ9000001Bh9BIAS
B19.3,100,Zelezny kabinet pro BATM2R,,"Kabinet pro malý, hluboký automat s tiskárnou",,,0.0,,True,Zelezny kabinet pro BATM2R,PROD-615,01tJ9000001BhG8IAK
B19.7,100,Zelezny kabinet pro BATM2R MAX,,"Kabinet pro malý, hluboký automat s tiskárnou, 10""",,,0.0,,True,Zelezny kabinet pro BATM2R MAX,PROD-616,01tJ9000001BhQoIAK
C28.2,100,Zelezny kabinet pro BATM3 polomelky,,Kabinet pro polomelky automat,,,0.0,,True,Zelezny kabinet pro BATM3 polomelky,PROD-617,01tJ9000001BhNLIA0
C28.3,100,Zelezny kabinet pro BATM3JUMBO,,Zelezny kabinet pro BATM3JUMBO,,,0.0,,True,Zelezny kabinet pro BATM3JUMBO,PROD-618,01tJ9000001Bge8IAC
C28,100,Zelezny kabinet pro BATM3L/M/XL,,Iron cabinet for BATM3L/M/XL,,,0.0,,True,Zelezny kabinet pro BATM3L/M/XL,PROD-619,01tJ9000001BhSoIAK
C28.1,100,Zelezny kabinet pro BATM3XXL,,Iron cabinet for BATM3XXL,,,0.0,,True,Zelezny kabinet pro BATM3XXL,PROD-620,01tJ9000001BhRiIAK
C28.4,100,Zelezny kabinet pro BATMFour,,Iron cabinet for BATMFour,,,0.0,,True,Zelezny kabinet pro BATMFour,PROD-621,01tJ9000001BhNVIA0
B39,100,Zelezny kabinet pro BATMTwo Ultra pro BNR,,Zelezny kabinet pro BATMTwo Ultra pro BNR,,,,,True,Zelezny kabinet pro BATMTwo Ultra pro BNR,PROD-622,01tJ9000001BhStIAK
B39.1,100,Zelezny kabinet pro BATMTwo Ultra pro SCN/MEI,,Zelezny kabinet pro BATMTwo Ultra pro SCN/MEI,,,,,True,Zelezny kabinet pro BATMTwo Ultra pro SCN/MEI,PROD-623,01tJ9000001BhSyIAK
B48,100,Zelezny kabinet pro DNAmeter,,Zelezny kabinet pro DNAmeter,,,,,True,Zelezny kabinet pro DNAmeter,PROD-624,01tJ9000001BhRwIAK
H6,100,Zelezny kabinet pro Fotokiosek,,Kabinet pro fotokiosek,,,0.0,,True,Zelezny kabinet pro Fotokiosek,PROD-625,01tJ9000001BhSGIA0
C28.6,100,Zelezny kabinet pro GBSafe,,Kabinet pro GBSafe,0,,,,True,Zelezny kabinet pro GBSafe,PROD-626,01tJ9000001BhRmIAK
F1.2,100,Zelezny stojan pro BATMTwo a pro akceptor,,stojan GB - zelezny stojan pro maly automat apro akceptor (BC-06 stojan),,,0.0,,True,Zelezny stojan pro BATMTwo a pro akceptor,PROD-627,01tJ9000001BhT3IAK
F1,100,Zelezny stojan pro BATMTwoC,,stojan GB - zelezny stojan pro maly automat,,,0.0,,True,Zelezny stojan pro BATMTwoC,PROD-628,01tJ9000001Bh0xIAC
F1.1,100,Zelezny stojan pro BATMTwoC - s tiskarnou,,stojan GB - zelezny stojan pro maly automat - s tiskarnou,,,0.0,,True,Zelezny stojan pro BATMTwoC - s tiskarnou,PROD-629,01tJ9000001BhT8IAK
F1.3,100,Zelezny stojan pro BNR akceptor,,stojan GB - zelezny stojan pro maly automat apro akceptor (BC-06 stojan),,,,,True,Zelezny stojan pro BNR akceptor,PROD-630,01tJ9000001BgehIAC
H5,100,Zelezny stojan pro foto-tiskarnu,,stojan GB - Fotostojan,,,0.0,,True,Zelezny stojan pro foto-tiskarnu,PROD-631,01tJ9000001Bh4uIAC
Z10,600,Custom Training,,Custom Training,169,USD,,,True,GB Services,PROD-632,01tJ9000001BhSQIA0
Z11,600,New Operator Training,,New Operator Training,999,USD,,,True,GB Services,PROD-633,01tJ9000001BgvPIAS
Z12,600,Advanced Operator Training,,Advanced Operator Training,499,USD,,,True,GB Services,PROD-634,01tJ9000001BhKrIAK
Z13,600,Server Installation,,Server Installation,599,USD,,,True,GB Services,PROD-635,01tJ9000001BhB8IAK
Z14,600,Server & Data Migration,,Server & Data Migration,999,USD,,,True,GB Services,PROD-636,01tJ9000001Bh1zIAC
Z15,600,Server Upgrade,,Server Upgrade,449,USD,,,True,GB Services,PROD-637,01tJ9000001BhMtIAK
Z16,600,Maintenance,,Maintenance,99,USD,,,True,GB Services,PROD-638,01tJ9000001BhSaIAK
Z17,600,Repair & Part Replacement,,Repair & Part Replacement,99,USD,,,True,GB Services,PROD-639,01tJ9000001BhLvIAK
Z18,600,Terminal installation,,Terminal installation,199,USD,,,True,GB Services,PROD-640,01tJ9000001BhLDIA0
